This is pdfTeX, Version 3.141592653-2.6-1.40.26 (TeX Live 2024) (preloaded format=pdflatex 2024.10.13)  18 SEP 2026 11:55
entering extended mode
 restricted \write18 enabled.
 %&-line parsing enabled.
**dissertation.tex
(./dissertation.tex
LaTeX2e <2023-11-01> patch level 1
L3 programming layer <2024-02-20>

(/usr/local/texlive/2024/texmf-dist/tex/latex/latex-lab/documentmetadata-suppor
t.ltx
(/usr/local/texlive/2024/texmf-dist/tex/latex/pdfmanagement-testphase/pdfmanage
ment-testphase.sty
Package: pdfmanagement-testphase 2024-03-01 v0.96f LaTeX PDF management testpha
se bundle

(/usr/local/texlive/2024/texmf-dist/tex/latex/tagpdf/tagpdf-base.sty
Package: tagpdf-base 2024-02-29 v0.98x part of tagpdf - provide base, no-op ver
sions of the user commands 
\c@g__tag_MCID_abs_int=\count188
\c@g__tag_struct_abs_int=\count189
)
(/usr/local/texlive/2024/texmf-dist/tex/latex/pdfmanagement-testphase/pdfmanage
ment-testphase.ltx
File: pdfmanagement-testphase.ltx 2024-03-01 v0.96f PDF management code (testph
ase)
\g__pdfmanagement_EmbeddedFiles_int=\count190
\l__pdfmeta_xmp_indent_int=\count191
)))
(/usr/local/texlive/2024/texmf-dist/tex/latex/l3backend/l3backend-pdftex.def
File: l3backend-pdftex.def 2024-02-20 L3 backend support: PDF output (pdfTeX)
\l__color_backend_stack_int=\count192
\l__pdf_internal_box=\box51
)
(/usr/local/texlive/2024/texmf-dist/tex/latex/pdfmanagement-testphase/l3backend
-testphase-pdftex.def
File: l3backend-testphase-pdftex.def 2024-03-01 LaTeX PDF management testphase 
bundle backend support:PDFoutput(pdfTeX)
\l__pdf_backend_tmpa_box=\box52
\l__pdf_backend_tmpb_box=\box53
\g__pdf_backend_resourceid_int=\count193
\g__pdf_backend_name_int=\count194
\g__pdf_backend_page_int=\count195
)
(/usr/local/texlive/2024/texmf-dist/tex/latex/pdfmanagement-testphase/pdfmanage
ment-firstaid.sty
Package: pdfmanagement-firstaid 2024-03-01 v0.96f LaTeX PDF management testphas
e bundle / firstaid-patches

Package pdfmanagement Info: loading pdfmanagement firstaid code for pgf

) (./Dissertate.cls
Document Class: Dissertate 2014/03/25 v2.0 Dissertate Class
(/usr/local/texlive/2024/texmf-dist/tex/latex/base/book.cls
Document Class: book 2023/05/17 v1.4n Standard LaTeX document class
(/usr/local/texlive/2024/texmf-dist/tex/latex/base/bk12.clo
File: bk12.clo 2023/05/17 v1.4n Standard LaTeX file (size option)
)
\c@part=\count196
\c@chapter=\count197
\c@section=\count198
\c@subsection=\count199
\c@subsubsection=\count266
\c@paragraph=\count267
\c@subparagraph=\count268
\c@figure=\count269
\c@table=\count270
\abovecaptionskip=\skip48
\belowcaptionskip=\skip49
\bibindent=\dimen140
)
(/usr/local/texlive/2024/texmf-dist/tex/latex/geometry/geometry.sty
Package: geometry 2020/01/02 v5.9 Page Geometry

(/usr/local/texlive/2024/texmf-dist/tex/latex/graphics/keyval.sty
Package: keyval 2022/05/29 v1.15 key=value parser (DPC)
\KV@toks@=\toks17
)
(/usr/local/texlive/2024/texmf-dist/tex/generic/iftex/ifvtex.sty
Package: ifvtex 2019/10/25 v1.7 ifvtex legacy package. Use iftex instead.

(/usr/local/texlive/2024/texmf-dist/tex/generic/iftex/iftex.sty
Package: iftex 2022/02/03 v1.0f TeX engine tests
))
\Gm@cnth=\count271
\Gm@cntv=\count272
\c@Gm@tempcnt=\count273
\Gm@bindingoffset=\dimen141
\Gm@wd@mp=\dimen142
\Gm@odd@mp=\dimen143
\Gm@even@mp=\dimen144
\Gm@layoutwidth=\dimen145
\Gm@layoutheight=\dimen146
\Gm@layouthoffset=\dimen147
\Gm@layoutvoffset=\dimen148
\Gm@dimlist=\toks18
)
(/usr/local/texlive/2024/texmf-dist/tex/latex/ragged2e/ragged2e.sty
Package: ragged2e 2023/06/22 v3.6 ragged2e Package
\CenteringLeftskip=\skip50
\RaggedLeftLeftskip=\skip51
\RaggedRightLeftskip=\skip52
\CenteringRightskip=\skip53
\RaggedLeftRightskip=\skip54
\RaggedRightRightskip=\skip55
\CenteringParfillskip=\skip56
\RaggedLeftParfillskip=\skip57
\RaggedRightParfillskip=\skip58
\JustifyingParfillskip=\skip59
\CenteringParindent=\skip60
\RaggedLeftParindent=\skip61
\RaggedRightParindent=\skip62
\JustifyingParindent=\skip63
)
(/usr/local/texlive/2024/texmf-dist/tex/latex/graphics/graphicx.sty
Package: graphicx 2021/09/16 v1.2d Enhanced LaTeX Graphics (DPC,SPQR)

(/usr/local/texlive/2024/texmf-dist/tex/latex/graphics/graphics.sty
Package: graphics 2022/03/10 v1.4e Standard LaTeX Graphics (DPC,SPQR)

(/usr/local/texlive/2024/texmf-dist/tex/latex/graphics/trig.sty
Package: trig 2021/08/11 v1.11 sin cos tan (DPC)
)
(/usr/local/texlive/2024/texmf-dist/tex/latex/graphics-cfg/graphics.cfg
File: graphics.cfg 2016/06/04 v1.11 sample graphics configuration
)
Package graphics Info: Driver file: pdftex.def on input line 107.

(/usr/local/texlive/2024/texmf-dist/tex/latex/graphics-def/pdftex.def
File: pdftex.def 2022/09/22 v1.2b Graphics/color driver for pdftex
))
\Gin@req@height=\dimen149
\Gin@req@width=\dimen150
)
(/usr/local/texlive/2024/texmf-dist/tex/latex/caption/subcaption.sty
Package: subcaption 2023/07/28 v1.6b Sub-captions (AR)

(/usr/local/texlive/2024/texmf-dist/tex/latex/caption/caption.sty
Package: caption 2023/08/05 v3.6o Customizing captions (AR)

(/usr/local/texlive/2024/texmf-dist/tex/latex/caption/caption3.sty
Package: caption3 2023/07/31 v2.4d caption3 kernel (AR)
\caption@tempdima=\dimen151
\captionmargin=\dimen152
\caption@leftmargin=\dimen153
\caption@rightmargin=\dimen154
\caption@width=\dimen155
\caption@indent=\dimen156
\caption@parindent=\dimen157
\caption@hangindent=\dimen158
Package caption Info: Standard document class detected.
)
\c@caption@flags=\count274
\c@continuedfloat=\count275
)
Package caption Info: New subtype `subfigure' on input line 238.
\c@subfigure=\count276
Package caption Info: New subtype `subtable' on input line 238.
\c@subtable=\count277
)
(/usr/local/texlive/2024/texmf-dist/tex/latex/lettrine/lettrine.sty
File: lettrine.sty 2024-01-20 v2.60 (Daniel Flipo)

(/usr/local/texlive/2024/texmf-dist/tex/latex/l3packages/xfp/xfp.sty
(/usr/local/texlive/2024/texmf-dist/tex/latex/l3kernel/expl3.sty
Package: expl3 2024-02-20 L3 programming layer (loader) 
)
Package: xfp 2024-02-18 L3 Floating point unit
)
\c@DefaultLines=\count278
\c@DefaultDepth=\count279
\DefaultFindent=\dimen159
\DefaultNindent=\dimen160
\DefaultSlope=\dimen161
\DiscardVskip=\dimen162
\L@lettrine=\box54
\L@lbox=\box55
\L@tbox=\box56
\c@L@lines=\count280
\c@L@depth=\count281
\L@Pindent=\dimen163
\L@Findent=\dimen164
\L@Nindent=\dimen165
\L@lraise=\dimen166
\L@first=\dimen167
\L@next=\dimen168
\L@slope=\dimen169
\L@height=\dimen170
\L@novskip=\dimen171
\L@ruleht=\dimen172
\L@target@ht=\dimen173
\L@target@dp=\dimen174
\L@target@tht=\dimen175
\LettrineWidth=\dimen176
\LettrineHeight=\dimen177
\LettrineDepth=\dimen178

Loading lettrine.cfg
(/usr/local/texlive/2024/texmf-dist/tex/latex/lettrine/lettrine.cfg)
\Llist@everypar=\toks19
)
(/usr/local/texlive/2024/texmf-dist/tex/latex/setspace/setspace.sty
Package: setspace 2022/12/04 v6.7b set line spacing
)
(/usr/local/texlive/2024/texmf-dist/tex/latex/tools/verbatim.sty
Package: verbatim 2023-11-06 v1.5v LaTeX2e package for verbatim enhancements
\every@verbatim=\toks20
\verbatim@line=\toks21
\verbatim@in@stream=\read2
)
(/usr/local/texlive/2024/texmf-dist/tex/latex/amsfonts/amssymb.sty
Package: amssymb 2013/01/14 v3.01 AMS font symbols

(/usr/local/texlive/2024/texmf-dist/tex/latex/amsfonts/amsfonts.sty
Package: amsfonts 2013/01/14 v3.01 Basic AMSFonts support
\@emptytoks=\toks22
\symAMSa=\mathgroup4
\symAMSb=\mathgroup5
LaTeX Font Info:    Redeclaring math symbol \hbar on input line 98.
LaTeX Font Info:    Overwriting math alphabet `\mathfrak' in version `bold'
(Font)                  U/euf/m/n --> U/euf/b/n on input line 106.
))
(/usr/local/texlive/2024/texmf-dist/tex/latex/amsmath/amsmath.sty
Package: amsmath 2023/05/13 v2.17o AMS math features
\@mathmargin=\skip64

For additional information on amsmath, use the `?' option.
(/usr/local/texlive/2024/texmf-dist/tex/latex/amsmath/amstext.sty
Package: amstext 2021/08/26 v2.01 AMS text

(/usr/local/texlive/2024/texmf-dist/tex/latex/amsmath/amsgen.sty
File: amsgen.sty 1999/11/30 v2.0 generic functions
\@emptytoks=\toks23
\ex@=\dimen179
))
(/usr/local/texlive/2024/texmf-dist/tex/latex/amsmath/amsbsy.sty
Package: amsbsy 1999/11/29 v1.2d Bold Symbols
\pmbraise@=\dimen180
)
(/usr/local/texlive/2024/texmf-dist/tex/latex/amsmath/amsopn.sty
Package: amsopn 2022/04/08 v2.04 operator names
)
\inf@bad=\count282
LaTeX Info: Redefining \frac on input line 234.
\uproot@=\count283
\leftroot@=\count284
LaTeX Info: Redefining \overline on input line 399.
LaTeX Info: Redefining \colon on input line 410.
\classnum@=\count285
\DOTSCASE@=\count286
LaTeX Info: Redefining \ldots on input line 496.
LaTeX Info: Redefining \dots on input line 499.
LaTeX Info: Redefining \cdots on input line 620.
\Mathstrutbox@=\box57
\strutbox@=\box58
LaTeX Info: Redefining \big on input line 722.
LaTeX Info: Redefining \Big on input line 723.
LaTeX Info: Redefining \bigg on input line 724.
LaTeX Info: Redefining \Bigg on input line 725.
\big@size=\dimen181
LaTeX Font Info:    Redeclaring font encoding OML on input line 743.
LaTeX Font Info:    Redeclaring font encoding OMS on input line 744.
\macc@depth=\count287
LaTeX Info: Redefining \bmod on input line 905.
LaTeX Info: Redefining \pmod on input line 910.
LaTeX Info: Redefining \smash on input line 940.
LaTeX Info: Redefining \relbar on input line 970.
LaTeX Info: Redefining \Relbar on input line 971.
\c@MaxMatrixCols=\count288
\dotsspace@=\muskip16
\c@parentequation=\count289
\dspbrk@lvl=\count290
\tag@help=\toks24
\row@=\count291
\column@=\count292
\maxfields@=\count293
\andhelp@=\toks25
\eqnshift@=\dimen182
\alignsep@=\dimen183
\tagshift@=\dimen184
\tagwidth@=\dimen185
\totwidth@=\dimen186
\lineht@=\dimen187
\@envbody=\toks26
\multlinegap=\skip65
\multlinetaggap=\skip66
\mathdisplay@stack=\toks27
LaTeX Info: Redefining \[ on input line 2953.
LaTeX Info: Redefining \] on input line 2954.
)
(/usr/local/texlive/2024/texmf-dist/tex/latex/parskip/parskip.sty
Package: parskip 2021-03-14 v2.0h non-zero parskip adjustments

(/usr/local/texlive/2024/texmf-dist/tex/latex/kvoptions/kvoptions.sty
Package: kvoptions 2022-06-15 v3.15 Key value format for package options (HO)

(/usr/local/texlive/2024/texmf-dist/tex/generic/ltxcmds/ltxcmds.sty
Package: ltxcmds 2023-12-04 v1.26 LaTeX kernel commands for general use (HO)
)
(/usr/local/texlive/2024/texmf-dist/tex/latex/kvsetkeys/kvsetkeys.sty
Package: kvsetkeys 2022-10-05 v1.19 Key value parser (HO)
))
(/usr/local/texlive/2024/texmf-dist/tex/latex/etoolbox/etoolbox.sty
Package: etoolbox 2020/10/05 v2.5k e-TeX tools for LaTeX (JAW)
\etb@tempcnta=\count294
))
(/usr/local/texlive/2024/texmf-dist/tex/latex/base/inputenc.sty
Package: inputenc 2021/02/14 v1.3d Input encoding file
\inpenc@prehook=\toks28
\inpenc@posthook=\toks29
)
(/usr/local/texlive/2024/texmf-dist/tex/latex/base/fontenc.sty
Package: fontenc 2021/04/29 v2.0v Standard LaTeX package
)
(/usr/local/texlive/2024/texmf-dist/tex/latex/lm/lmodern.sty
Package: lmodern 2015/05/01 v1.6.1 Latin Modern Fonts
LaTeX Font Info:    Overwriting symbol font `operators' in version `normal'
(Font)                  OT1/cmr/m/n --> OT1/lmr/m/n on input line 22.
LaTeX Font Info:    Overwriting symbol font `letters' in version `normal'
(Font)                  OML/cmm/m/it --> OML/lmm/m/it on input line 23.
LaTeX Font Info:    Overwriting symbol font `symbols' in version `normal'
(Font)                  OMS/cmsy/m/n --> OMS/lmsy/m/n on input line 24.
LaTeX Font Info:    Overwriting symbol font `largesymbols' in version `normal'
(Font)                  OMX/cmex/m/n --> OMX/lmex/m/n on input line 25.
LaTeX Font Info:    Overwriting symbol font `operators' in version `bold'
(Font)                  OT1/cmr/bx/n --> OT1/lmr/bx/n on input line 26.
LaTeX Font Info:    Overwriting symbol font `letters' in version `bold'
(Font)                  OML/cmm/b/it --> OML/lmm/b/it on input line 27.
LaTeX Font Info:    Overwriting symbol font `symbols' in version `bold'
(Font)                  OMS/cmsy/b/n --> OMS/lmsy/b/n on input line 28.
LaTeX Font Info:    Overwriting symbol font `largesymbols' in version `bold'
(Font)                  OMX/cmex/m/n --> OMX/lmex/m/n on input line 29.
LaTeX Font Info:    Overwriting math alphabet `\mathbf' in version `normal'
(Font)                  OT1/cmr/bx/n --> OT1/lmr/bx/n on input line 31.
LaTeX Font Info:    Overwriting math alphabet `\mathsf' in version `normal'
(Font)                  OT1/cmss/m/n --> OT1/lmss/m/n on input line 32.
LaTeX Font Info:    Overwriting math alphabet `\mathit' in version `normal'
(Font)                  OT1/cmr/m/it --> OT1/lmr/m/it on input line 33.
LaTeX Font Info:    Overwriting math alphabet `\mathtt' in version `normal'
(Font)                  OT1/cmtt/m/n --> OT1/lmtt/m/n on input line 34.
LaTeX Font Info:    Overwriting math alphabet `\mathbf' in version `bold'
(Font)                  OT1/cmr/bx/n --> OT1/lmr/bx/n on input line 35.
LaTeX Font Info:    Overwriting math alphabet `\mathsf' in version `bold'
(Font)                  OT1/cmss/bx/n --> OT1/lmss/bx/n on input line 36.
LaTeX Font Info:    Overwriting math alphabet `\mathit' in version `bold'
(Font)                  OT1/cmr/bx/it --> OT1/lmr/bx/it on input line 37.
LaTeX Font Info:    Overwriting math alphabet `\mathtt' in version `bold'
(Font)                  OT1/cmtt/m/n --> OT1/lmtt/m/n on input line 38.
)
(/usr/local/texlive/2024/texmf-dist/tex/latex/blindtext/blindtext.sty
Package: blindtext 2012/01/06 V2.0 blindtext-Package

(/usr/local/texlive/2024/texmf-dist/tex/latex/tools/xspace.sty
Package: xspace 2014/10/28 v1.13 Space after command names (DPC,MH)
)
\c@blindtext=\count295
\c@Blindtext=\count296
\c@blind@countparstart=\count297
\blind@countxx=\count298
\blindtext@numBlindtext=\count299
\blind@countyy=\count300
\c@blindlist=\count301
\c@blindlistlevel=\count302
\c@blindlist@level=\count303
\blind@listitem=\count304
\c@blind@listcount=\count305
\c@blind@levelcount=\count306
\blind@mathformula=\count307
\blind@Mathformula=\count308
\c@blind@randomcount=\count309
\c@blind@randommax=\count310
\c@blind@pangramcount=\count311
\c@blind@pangrammax=\count312
)
(/usr/local/texlive/2024/texmf-dist/tex/latex/psnfss/helvet.sty
Package: helvet 2020/03/25 PSNFSS-v9.3 (WaS) 
)
(/usr/local/texlive/2024/texmf-dist/tex/latex/pdfmanagement-testphase/color-ltx
.sty
Package: color-ltx 2024-03-01 v0.96f Standard LaTeX Color (patched for l3color,
 part of pdfmanagement-testphase, original version 2022/01/06 v1.3d) (DPC)
 (/usr/local/texlive/2024/texmf-dist/tex/latex/graphics-cfg/color.cfg
File: color.cfg 2016/01/02 v1.6 sample color configuration
)
Package color Info: Driver file: pdftex.def on input line 165.

(/usr/local/texlive/2024/texmf-dist/tex/latex/graphics/mathcolor.ltx))
(/usr/local/texlive/2024/texmf-dist/tex/latex/url/url.sty
\Urlmuskip=\muskip17
Package: url 2013/09/16  ver 3.4  Verb mode for urls, etc.
)
(/usr/local/texlive/2024/texmf-dist/tex/latex/fancyhdr/fancyhdr.sty
Package: fancyhdr 2022/11/09 v4.1 Extensive control of page headers and footers

\f@nch@headwidth=\skip67
\f@nch@O@elh=\skip68
\f@nch@O@erh=\skip69
\f@nch@O@olh=\skip70
\f@nch@O@orh=\skip71
\f@nch@O@elf=\skip72
\f@nch@O@erf=\skip73
\f@nch@O@olf=\skip74
\f@nch@O@orf=\skip75
)
(/usr/local/texlive/2024/texmf-dist/tex/latex/titlesec/titlesec.sty
Package: titlesec 2023/10/27 v2.16 Sectioning titles
\ttl@box=\box59
\beforetitleunit=\skip76
\aftertitleunit=\skip77
\ttl@plus=\dimen188
\ttl@minus=\dimen189
\ttl@toksa=\toks30
\titlewidth=\dimen190
\titlewidthlast=\dimen191
\titlewidthfirst=\dimen192
)
(/usr/local/texlive/2024/texmf-dist/tex/latex/titling/titling.sty
Package: titling 2009/09/04 v2.1d maketitle typesetting
\thanksmarkwidth=\skip78
\thanksmargin=\skip79
\droptitle=\skip80
)
(/usr/local/texlive/2024/texmf-dist/tex/latex/biblatex/biblatex.sty
Package: biblatex 2023/03/05 v3.19 programmable bibliographies (PK/MW)

(/usr/local/texlive/2024/texmf-dist/tex/generic/pdftexcmds/pdftexcmds.sty
Package: pdftexcmds 2020-06-27 v0.33 Utility functions of pdfTeX for LuaTeX (HO
)

(/usr/local/texlive/2024/texmf-dist/tex/generic/infwarerr/infwarerr.sty
Package: infwarerr 2019/12/03 v1.5 Providing info/warning/error messages (HO)
)
Package pdftexcmds Info: \pdf@primitive is available.
Package pdftexcmds Info: \pdf@ifprimitive is available.
Package pdftexcmds Info: \pdfdraftmode found.
)
(/usr/local/texlive/2024/texmf-dist/tex/latex/logreq/logreq.sty
Package: logreq 2010/08/04 v1.0 xml request logger
\lrq@indent=\count313

(/usr/local/texlive/2024/texmf-dist/tex/latex/logreq/logreq.def
File: logreq.def 2010/08/04 v1.0 logreq spec v1.0
))
(/usr/local/texlive/2024/texmf-dist/tex/latex/base/ifthen.sty
Package: ifthen 2022/04/13 v1.1d Standard LaTeX ifthen package (DPC)
)
\c@tabx@nest=\count314
\c@listtotal=\count315
\c@listcount=\count316
\c@liststart=\count317
\c@liststop=\count318
\c@citecount=\count319
\c@citetotal=\count320
\c@multicitecount=\count321
\c@multicitetotal=\count322
\c@instcount=\count323
\c@maxnames=\count324
\c@minnames=\count325
\c@maxitems=\count326
\c@minitems=\count327
\c@citecounter=\count328
\c@maxcitecounter=\count329
\c@savedcitecounter=\count330
\c@uniquelist=\count331
\c@uniquename=\count332
\c@refsection=\count333
\c@refsegment=\count334
\c@maxextratitle=\count335
\c@maxextratitleyear=\count336
\c@maxextraname=\count337
\c@maxextradate=\count338
\c@maxextraalpha=\count339
\c@abbrvpenalty=\count340
\c@highnamepenalty=\count341
\c@lownamepenalty=\count342
\c@maxparens=\count343
\c@parenlevel=\count344
\blx@tempcnta=\count345
\blx@tempcntb=\count346
\blx@tempcntc=\count347
\c@blx@maxsection=\count348
\blx@maxsegment@0=\count349
\blx@notetype=\count350
\blx@parenlevel@text=\count351
\blx@parenlevel@foot=\count352
\blx@sectionciteorder@0=\count353
\blx@sectionciteorderinternal@0=\count354
\blx@entrysetcounter=\count355
\blx@biblioinstance=\count356
\labelnumberwidth=\skip81
\labelalphawidth=\skip82
\biblabelsep=\skip83
\bibitemsep=\skip84
\bibnamesep=\skip85
\bibinitsep=\skip86
\bibparsep=\skip87
\bibhang=\skip88
\blx@bcfin=\read3
\blx@bcfout=\write3
\blx@langwohyphens=\language89
\c@mincomprange=\count357
\c@maxcomprange=\count358
\c@mincompwidth=\count359
Package biblatex Info: Trying to load biblatex default data model...
Package biblatex Info: ... file 'blx-dm.def' found.

(/usr/local/texlive/2024/texmf-dist/tex/latex/biblatex/blx-dm.def
File: blx-dm.def 2023/03/05 v3.19 biblatex localization (PK/MW)
)
Package biblatex Info: Trying to load biblatex style data model...
Package biblatex Info: ... file 'numeric.dbx' not found.
Package biblatex Info: Trying to load biblatex custom data model...
Package biblatex Info: ... file 'biblatex-dm.cfg' not found.
\c@afterword=\count360
\c@savedafterword=\count361
\c@annotator=\count362
\c@savedannotator=\count363
\c@author=\count364
\c@savedauthor=\count365
\c@bookauthor=\count366
\c@savedbookauthor=\count367
\c@commentator=\count368
\c@savedcommentator=\count369
\c@editor=\count370
\c@savededitor=\count371
\c@editora=\count372
\c@savededitora=\count373
\c@editorb=\count374
\c@savededitorb=\count375
\c@editorc=\count376
\c@savededitorc=\count377
\c@foreword=\count378
\c@savedforeword=\count379
\c@holder=\count380
\c@savedholder=\count381
\c@introduction=\count382
\c@savedintroduction=\count383
\c@namea=\count384
\c@savednamea=\count385
\c@nameb=\count386
\c@savednameb=\count387
\c@namec=\count388
\c@savednamec=\count389
\c@translator=\count390
\c@savedtranslator=\count391
\c@shortauthor=\count392
\c@savedshortauthor=\count393
\c@shorteditor=\count394
\c@savedshorteditor=\count395
\c@labelname=\count396
\c@savedlabelname=\count397
\c@institution=\count398
\c@savedinstitution=\count399
\c@lista=\count400
\c@savedlista=\count401
\c@listb=\count402
\c@savedlistb=\count403
\c@listc=\count404
\c@savedlistc=\count405
\c@listd=\count406
\c@savedlistd=\count407
\c@liste=\count408
\c@savedliste=\count409
\c@listf=\count410
\c@savedlistf=\count411
\c@location=\count412
\c@savedlocation=\count413
\c@organization=\count414
\c@savedorganization=\count415
\c@origlocation=\count416
\c@savedoriglocation=\count417
\c@origpublisher=\count418
\c@savedorigpublisher=\count419
\c@publisher=\count420
\c@savedpublisher=\count421
\c@language=\count422
\c@savedlanguage=\count423
\c@origlanguage=\count424
\c@savedoriglanguage=\count425
\c@pageref=\count426
\c@savedpageref=\count427
\shorthandwidth=\skip89
\shortjournalwidth=\skip90
\shortserieswidth=\skip91
\shorttitlewidth=\skip92
\shortauthorwidth=\skip93
\shorteditorwidth=\skip94
\locallabelnumberwidth=\skip95
\locallabelalphawidth=\skip96
\localshorthandwidth=\skip97
\localshortjournalwidth=\skip98
\localshortserieswidth=\skip99
\localshorttitlewidth=\skip100
\localshortauthorwidth=\skip101
\localshorteditorwidth=\skip102
Package biblatex Info: Trying to load compatibility code...
Package biblatex Info: ... file 'blx-compat.def' found.

(/usr/local/texlive/2024/texmf-dist/tex/latex/biblatex/blx-compat.def
File: blx-compat.def 2023/03/05 v3.19 biblatex compatibility (PK/MW)
)
Package biblatex Info: Trying to load BibTeX backend compatibility...
Package biblatex Info: ... file 'blx-bibtex.def' found.

(/usr/local/texlive/2024/texmf-dist/tex/latex/biblatex/blx-bibtex.def
File: blx-bibtex.def 2023/03/05 v3.19 biblatex compatibility (PK/MW)


Package biblatex Warning: Using fall-back bibtex backend:
(biblatex)                functionality may be reduced/unavailable.

)
Package biblatex Info: Trying to load generic definitions...
Package biblatex Info: ... file 'biblatex.def' found.
 (/usr/local/texlive/2024/texmf-dist/tex/latex/biblatex/biblatex.def
File: biblatex.def 2023/03/05 v3.19 biblatex compatibility (PK/MW)
\c@textcitecount=\count428
\c@textcitetotal=\count429
\c@textcitemaxnames=\count430
\c@biburlbigbreakpenalty=\count431
\c@biburlbreakpenalty=\count432
\c@biburlnumpenalty=\count433
\c@biburlucpenalty=\count434
\c@biburllcpenalty=\count435
\biburlbigskip=\muskip18
\biburlnumskip=\muskip19
\biburlucskip=\muskip20
\biburllcskip=\muskip21
\c@smartand=\count436
)
Package biblatex Info: Trying to load bibliography style 'numeric'...
Package biblatex Info: ... file 'numeric.bbx' found.

(/usr/local/texlive/2024/texmf-dist/tex/latex/biblatex/bbx/numeric.bbx
File: numeric.bbx 2023/03/05 v3.19 biblatex bibliography style (PK/MW)
Package biblatex Info: Trying to load bibliography style 'standard'...
Package biblatex Info: ... file 'standard.bbx' found.

(/usr/local/texlive/2024/texmf-dist/tex/latex/biblatex/bbx/standard.bbx
File: standard.bbx 2023/03/05 v3.19 biblatex bibliography style (PK/MW)
\c@bbx:relatedcount=\count437
\c@bbx:relatedtotal=\count438
))
Package biblatex Info: Trying to load citation style 'numeric'...
Package biblatex Info: ... file 'numeric.cbx' found.

(/usr/local/texlive/2024/texmf-dist/tex/latex/biblatex/cbx/numeric.cbx
File: numeric.cbx 2023/03/05 v3.19 biblatex citation style (PK/MW)
Package biblatex Info: Redefining '\cite'.
Package biblatex Info: Redefining '\parencite'.
Package biblatex Info: Redefining '\footcite'.
Package biblatex Info: Redefining '\footcitetext'.
Package biblatex Info: Redefining '\smartcite'.
Package biblatex Info: Redefining '\supercite'.
Package biblatex Info: Redefining '\textcite'.
Package biblatex Info: Redefining '\textcites'.
Package biblatex Info: Redefining '\cites'.
Package biblatex Info: Redefining '\parencites'.
Package biblatex Info: Redefining '\smartcites'.
)
Package biblatex Info: Trying to load configuration file...
Package biblatex Info: ... file 'biblatex.cfg' found.

(/usr/local/texlive/2024/texmf-dist/tex/latex/biblatex/biblatex.cfg
File: biblatex.cfg 
)
Package biblatex Info: Input encoding 'utf8' detected.
Package biblatex Info: Document encoding is UTF8 ....
Package biblatex Info: ... and expl3
(biblatex)             2024-02-20 L3 programming layer (loader) 
(biblatex)             is new enough (at least 2020/04/06),
(biblatex)             setting 'casechanger=expl3'.

(/usr/local/texlive/2024/texmf-dist/tex/latex/biblatex/blx-case-expl3.sty
(/usr/local/texlive/2024/texmf-dist/tex/latex/l3packages/xparse/xparse.sty
Package: xparse 2024-02-18 L3 Experimental document command parser
)
Package: blx-case-expl3 2023/03/05 v3.19 expl3 case changing code for biblatex
))
(/usr/local/texlive/2024/texmf-dist/tex/latex/braket/braket.sty)
(/usr/local/texlive/2024/texmf-dist/tex/latex/mathtools/mathtools.sty
Package: mathtools 2024/03/11 v1.30 mathematical typesetting tools

(/usr/local/texlive/2024/texmf-dist/tex/latex/tools/calc.sty
Package: calc 2023/07/08 v4.3 Infix arithmetic (KKT,FJ)
\calc@Acount=\count439
\calc@Bcount=\count440
\calc@Adimen=\dimen193
\calc@Bdimen=\dimen194
\calc@Askip=\skip103
\calc@Bskip=\skip104
LaTeX Info: Redefining \setlength on input line 80.
LaTeX Info: Redefining \addtolength on input line 81.
\calc@Ccount=\count441
\calc@Cskip=\skip105
)
(/usr/local/texlive/2024/texmf-dist/tex/latex/mathtools/mhsetup.sty
Package: mhsetup 2021/03/18 v1.4 programming setup (MH)
)
\g_MT_multlinerow_int=\count442
\l_MT_multwidth_dim=\dimen195
\origjot=\skip106
\l_MT_shortvdotswithinadjustabove_dim=\dimen196
\l_MT_shortvdotswithinadjustbelow_dim=\dimen197
\l_MT_above_intertext_sep=\dimen198
\l_MT_below_intertext_sep=\dimen199
\l_MT_above_shortintertext_sep=\dimen256
\l_MT_below_shortintertext_sep=\dimen257
\xmathstrut@box=\box60
\xmathstrut@dim=\dimen258
)
(/usr/local/texlive/2024/texmf-dist/tex/latex/leftidx/leftidx.sty
Package: leftidx 2003/09/24 v1.03 Left indices
)
(/usr/local/texlive/2024/texmf-dist/tex/latex/tools/hhline.sty
Package: hhline 2020/01/04 v2.04 Table rule package (DPC)
)
(/usr/local/texlive/2024/texmf-dist/tex/latex/tools/array.sty
Package: array 2023/10/16 v2.5g Tabular extension package (FMi)
\col@sep=\dimen259
\ar@mcellbox=\box61
\extrarowheight=\dimen260
\NC@list=\toks31
\extratabsurround=\skip107
\backup@length=\skip108
\ar@cellbox=\box62
)
(/usr/local/texlive/2024/texmf-dist/tex/latex/graphics/rotating.sty
Package: rotating 2016/08/11 v2.16d rotated objects in LaTeX
\c@r@tfl@t=\count443
\rotFPtop=\skip109
\rotFPbot=\skip110
\rot@float@box=\box63
\rot@mess@toks=\toks32
)
(/usr/local/texlive/2024/texmf-dist/tex/latex/tools/afterpage.sty
Package: afterpage 2023/07/04 v1.08 After-Page Package (DPC)
\AP@output=\toks33
\AP@partial=\box64
\AP@footins=\box65
)
(/usr/local/texlive/2024/texmf-dist/tex/latex/float/float.sty
Package: float 2001/11/08 v1.3d Float enhancements (AL)
\c@float@type=\count444
\float@exts=\toks34
\float@box=\box66
\@float@everytoks=\toks35
\@floatcapt=\box67
)
(/usr/local/texlive/2024/texmf-dist/tex/latex/listings/listings.sty
\lst@mode=\count445
\lst@gtempboxa=\box68
\lst@token=\toks36
\lst@length=\count446
\lst@currlwidth=\dimen261
\lst@column=\count447
\lst@pos=\count448
\lst@lostspace=\dimen262
\lst@width=\dimen263
\lst@newlines=\count449
\lst@lineno=\count450
\lst@maxwidth=\dimen264

(/usr/local/texlive/2024/texmf-dist/tex/latex/listings/lstpatch.sty
File: lstpatch.sty 2024/02/21 1.10 (Carsten Heinz)
)
(/usr/local/texlive/2024/texmf-dist/tex/latex/listings/lstmisc.sty
File: lstmisc.sty 2024/02/21 1.10 (Carsten Heinz)
\c@lstnumber=\count451
\lst@skipnumbers=\count452
\lst@framebox=\box69
)
(/usr/local/texlive/2024/texmf-dist/tex/latex/listings/listings.cfg
File: listings.cfg 2024/02/21 1.10 listings configuration
))
Package: listings 2024/02/21 1.10 (Carsten Heinz)

(/usr/local/texlive/2024/texmf-dist/tex/latex/pdfpages/pdfpages.sty
Package: pdfpages 2024/01/21 v0.5y Insert pages of external PDF documents (AM)

(/usr/local/texlive/2024/texmf-dist/tex/latex/eso-pic/eso-pic.sty
Package: eso-pic 2023/05/03 v3.0c eso-pic (RN)
\ESO@tempdima=\dimen265
\ESO@tempdimb=\dimen266
)
\AM@pagewidth=\dimen267
\AM@pageheight=\dimen268
\AM@fboxrule=\dimen269

(/usr/local/texlive/2024/texmf-dist/tex/latex/pdfpages/pppdftex.def
File: pppdftex.def 2024/01/21 v0.5y Pdfpages driver for pdfTeX (AM)
)
\pdfpages@includegraphics@status=\count453
\AM@pagebox=\box70
\AM@global@opts=\toks37
\AM@pagecnt=\count454
\AM@toc@title=\toks38
\AM@lof@heading=\toks39
\c@AM@survey=\count455
\AM@templatesizebox=\box71
)
(/usr/local/texlive/2024/texmf-dist/tex/latex/tocloft/tocloft.sty
Package: tocloft 2017/08/31 v2.3i parameterised ToC, etc., typesetting
Package tocloft Info: The document has chapter divisions on input line 51.
\cftparskip=\skip111
\cftbeforetoctitleskip=\skip112
\cftaftertoctitleskip=\skip113
\cftbeforepartskip=\skip114
\cftpartnumwidth=\skip115
\cftpartindent=\skip116
\cftbeforechapskip=\skip117
\cftchapindent=\skip118
\cftchapnumwidth=\skip119
\cftbeforesecskip=\skip120
\cftsecindent=\skip121
\cftsecnumwidth=\skip122
\cftbeforesubsecskip=\skip123
\cftsubsecindent=\skip124
\cftsubsecnumwidth=\skip125
\cftbeforesubsubsecskip=\skip126
\cftsubsubsecindent=\skip127
\cftsubsubsecnumwidth=\skip128
\cftbeforeparaskip=\skip129
\cftparaindent=\skip130
\cftparanumwidth=\skip131
\cftbeforesubparaskip=\skip132
\cftsubparaindent=\skip133
\cftsubparanumwidth=\skip134
\cftbeforeloftitleskip=\skip135
\cftafterloftitleskip=\skip136
\cftbeforefigskip=\skip137
\cftfigindent=\skip138
\cftfignumwidth=\skip139
\c@lofdepth=\count456
\c@lotdepth=\count457
\cftbeforelottitleskip=\skip140
\cftafterlottitleskip=\skip141
\cftbeforetabskip=\skip142
\cfttabindent=\skip143
\cfttabnumwidth=\skip144


Package tocloft Warning: \@starttoc has already been redefined; tocloft bailing
 out. on input line 1156.

) (/usr/local/texlive/2024/texmf-dist/tex/latex/appendix/appendix.sty
Package: appendix 2020/02/08 v1.2c extra appendix facilities
\c@@pps=\count458
\c@@ppsavesec=\count459
\c@@ppsaveapp=\count460
)
(/usr/local/texlive/2024/texmf-dist/tex/latex/hyperref/hyperref.sty
Package: hyperref 2024-01-20 v7.01h Hypertext links for LaTeX

(/usr/local/texlive/2024/texmf-dist/tex/generic/kvdefinekeys/kvdefinekeys.sty
Package: kvdefinekeys 2019-12-19 v1.6 Define keys (HO)
)
(/usr/local/texlive/2024/texmf-dist/tex/generic/pdfescape/pdfescape.sty
Package: pdfescape 2019/12/09 v1.15 Implements pdfTeX's escape features (HO)
)
(/usr/local/texlive/2024/texmf-dist/tex/latex/hycolor/hycolor.sty
Package: hycolor 2020-01-27 v1.10 Color options for hyperref/bookmark (HO)
)
(/usr/local/texlive/2024/texmf-dist/tex/latex/auxhook/auxhook.sty
Package: auxhook 2019-12-17 v1.6 Hooks for auxiliary files (HO)
)
(/usr/local/texlive/2024/texmf-dist/tex/latex/hyperref/nameref.sty
Package: nameref 2023-11-26 v2.56 Cross-referencing by name of section

(/usr/local/texlive/2024/texmf-dist/tex/latex/refcount/refcount.sty
Package: refcount 2019/12/15 v3.6 Data extraction from label references (HO)
)
(/usr/local/texlive/2024/texmf-dist/tex/generic/gettitlestring/gettitlestring.s
ty
Package: gettitlestring 2019/12/15 v1.6 Cleanup title references (HO)
)
\c@section@level=\count461
)
\@linkdim=\dimen270
\Hy@linkcounter=\count462
\Hy@pagecounter=\count463
 (/usr/local/texlive/2024/texmf-dist/tex/latex/hyperref/pd1enc.def
File: pd1enc.def 2024-01-20 v7.01h Hyperref: PDFDocEncoding definition (HO)
Now handling font encoding PD1 ...
... no UTF-8 mapping file for font encoding PD1
)
(/usr/local/texlive/2024/texmf-dist/tex/generic/intcalc/intcalc.sty
Package: intcalc 2019/12/15 v1.3 Expandable calculations with integers (HO)
)
\Hy@SavedSpaceFactor=\count464

(/usr/local/texlive/2024/texmf-dist/tex/latex/hyperref/puenc.def
File: puenc.def 2024-01-20 v7.01h Hyperref: PDF Unicode definition (HO)
Now handling font encoding PU ...
... no UTF-8 mapping file for font encoding PU
)
Package hyperref Info: Hyper figures OFF on input line 4179.
Package hyperref Info: Link nesting OFF on input line 4184.
Package hyperref Info: Hyper index ON on input line 4187.
Package hyperref Info: Plain pages OFF on input line 4194.
Package hyperref Info: Backreferencing OFF on input line 4199.
Package hyperref Info: Implicit mode ON; LaTeX internals redefined.
Package hyperref Info: Bookmarks ON on input line 4446.
\c@Hy@tempcnt=\count465
LaTeX Info: Redefining \url on input line 4784.
\XeTeXLinkMargin=\dimen271

(/usr/local/texlive/2024/texmf-dist/tex/generic/bitset/bitset.sty
Package: bitset 2019/12/09 v1.3 Handle bit-vector datatype (HO)

(/usr/local/texlive/2024/texmf-dist/tex/generic/bigintcalc/bigintcalc.sty
Package: bigintcalc 2019/12/15 v1.5 Expandable calculations on big integers (HO
)
))
\Fld@menulength=\count466
\Field@Width=\dimen272
\Fld@charsize=\dimen273
Package hyperref Info: Hyper figures OFF on input line 6063.
Package hyperref Info: Link nesting OFF on input line 6068.
Package hyperref Info: Hyper index ON on input line 6071.
Package hyperref Info: backreferencing OFF on input line 6078.
Package hyperref Info: Link coloring OFF on input line 6083.
Package hyperref Info: Link coloring with OCG OFF on input line 6088.
Package hyperref Info: PDF/A mode OFF on input line 6093.

(/usr/local/texlive/2024/texmf-dist/tex/latex/base/atbegshi-ltx.sty
Package: atbegshi-ltx 2021/01/10 v1.0c Emulation of the original atbegshi
package with kernel methods
)
\Hy@abspage=\count467
\c@Item=\count468
\c@Hfootnote=\count469
)
Package hyperref Info: Driver (custom): hgeneric-testphase.

(/usr/local/texlive/2024/texmf-dist/tex/latex/pdfmanagement-testphase/hgeneric-
testphase.def
File: hgeneric-testphase.def 2024-03-01 v0.96f generic Hyperref driver for the 
LaTeX PDF management testphase bundle

(/usr/local/texlive/2024/texmf-dist/tex/latex/pdfmanagement-testphase/hyperref-
colorschemes.def)
LaTeX Info: Redefining \href on input line 275.
LaTeX Info: Redefining \url on input line 361.
\l__hyp_tmpa_box=\box72
\l__hyp_tmpa_int=\count470
\l__hyp_dest_box=\box73
\g__hyp_linknestlevel_int=\count471
\HyAnn@Count=\count472
\Fld@listcount=\count473
\Hy@SectionHShift=\skip145
LaTeX Info: Redefining \Hy__hypSectionAnchor on input line 3537.
))
\@quotelevel=\count474
\@quotereset=\count475

(/usr/local/texlive/2024/texmf-dist/tex/latex/bookmark/bookmark.sty
Package: bookmark 2023-12-10 v1.31 PDF bookmarks (HO)

(/usr/local/texlive/2024/texmf-dist/tex/latex/bookmark/bkm-pdftex.def
File: bkm-pdftex.def 2023-12-10 v1.31 bookmark driver for pdfTeX and luaTeX (HO
)
\BKM@id=\count476
))
LaTeX Font Info:    Trying to load font information for T1+lmr on input line 24
.

(/usr/local/texlive/2024/texmf-dist/tex/latex/lm/t1lmr.fd
File: t1lmr.fd 2015/05/01 v1.6.1 Font defs for Latin Modern
) (./dissertation.aux
(./introduction.aux) (./chapter0.aux) (./chapter0-1.aux) (./chapter1.aux)
(./chapter2.aux) (./chapter3.aux) (./chapter5.aux) (./conclusion.aux)
(./appendixA.aux) (./appendixB.aux) (./appendixC.aux) (./appendixD.aux)
(./appendixE.aux) (./cv.aux))
\openout1 = `dissertation.aux'.

LaTeX Font Info:    Checking defaults for OML/cmm/m/it on input line 24.
LaTeX Font Info:    ... okay on input line 24.
LaTeX Font Info:    Checking defaults for OMS/cmsy/m/n on input line 24.
LaTeX Font Info:    ... okay on input line 24.
LaTeX Font Info:    Checking defaults for OT1/cmr/m/n on input line 24.
LaTeX Font Info:    ... okay on input line 24.
LaTeX Font Info:    Checking defaults for T1/cmr/m/n on input line 24.
LaTeX Font Info:    ... okay on input line 24.
LaTeX Font Info:    Checking defaults for TS1/cmr/m/n on input line 24.
LaTeX Font Info:    ... okay on input line 24.
LaTeX Font Info:    Checking defaults for OMX/cmex/m/n on input line 24.
LaTeX Font Info:    ... okay on input line 24.
LaTeX Font Info:    Checking defaults for U/cmr/m/n on input line 24.
LaTeX Font Info:    ... okay on input line 24.
LaTeX Font Info:    Checking defaults for PD1/pdf/m/n on input line 24.
LaTeX Font Info:    ... okay on input line 24.
LaTeX Font Info:    Checking defaults for PU/pdf/m/n on input line 24.
LaTeX Font Info:    ... okay on input line 24.

*geometry* driver: auto-detecting
*geometry* detected driver: pdftex
*geometry* verbose mode - [ preamble ] result:
* driver: pdftex
* paper: letterpaper
* layout: <same size as paper>
* layoutoffset:(h,v)=(0.0pt,0.0pt)
* modes: 
* h-part:(L,W,R)=(72.26999pt, 469.75502pt, 72.26999pt)
* v-part:(T,H,B)=(72.26999pt, 650.43001pt, 72.26999pt)
* \paperwidth=614.295pt
* \paperheight=794.96999pt
* \textwidth=469.75502pt
* \textheight=650.43001pt
* \oddsidemargin=0.0pt
* \evensidemargin=0.0pt
* \topmargin=-31.8738pt
* \headheight=15.0pt
* \headsep=19.8738pt
* \topskip=12.0pt
* \footskip=30.0pt
* \marginparwidth=47.0pt
* \marginparsep=7.0pt
* \columnsep=10.0pt
* \skip\footins=10.8pt plus 4.0pt minus 2.0pt
* \hoffset=0.0pt
* \voffset=0.0pt
* \mag=1000
* \@twocolumnfalse
* \@twosidefalse
* \@mparswitchfalse
* \@reversemarginfalse
* (1in=72.27pt=25.4mm, 1cm=28.453pt)

(/usr/local/texlive/2024/texmf-dist/tex/context/base/mkii/supp-pdf.mkii
[Loading MPS to PDF converter (version 2006.09.02).]
\scratchcounter=\count477
\scratchdimen=\dimen274
\scratchbox=\box74
\nofMPsegments=\count478
\nofMParguments=\count479
\everyMPshowfont=\toks40
\MPscratchCnt=\count480
\MPscratchDim=\dimen275
\MPnumerator=\count481
\makeMPintoPDFobject=\count482
\everyMPtoPDFconversion=\toks41
) (/usr/local/texlive/2024/texmf-dist/tex/latex/epstopdf-pkg/epstopdf-base.sty
Package: epstopdf-base 2020-01-24 v2.11 Base part for package epstopdf
Package epstopdf-base Info: Redefining graphics rule for `.eps' on input line 4
85.

(/usr/local/texlive/2024/texmf-dist/tex/latex/latexconfig/epstopdf-sys.cfg
File: epstopdf-sys.cfg 2010/07/13 v1.3 Configuration of (r)epstopdf for TeX Liv
e
))
Package caption Info: Begin \AtBeginDocument code.
Package caption Info: float package is loaded.
Package caption Info: hyperref package is loaded.
Package caption Info: listings package is loaded.
Package caption Info: rotating package is loaded.
Package caption Info: End \AtBeginDocument code.
Package biblatex Info: Trying to load language 'english'...
Package biblatex Info: ... file 'english.lbx' found.

(/usr/local/texlive/2024/texmf-dist/tex/latex/biblatex/lbx/english.lbx
File: english.lbx 2023/03/05 v3.19 biblatex localization (PK/MW)
)
Package biblatex Info: Input encoding 'utf8' detected.
Package biblatex Info: Automatic encoding selection.
(biblatex)             Assuming data encoding 'utf8'.
Package biblatex Info: Input encoding 'utf8' detected.
Package biblatex Info: Data encoding 'utf8' specified.
(biblatex)             No need to reencode data.
\openout3 = `dissertation-blx.bib'.

Package biblatex Info: Trying to load bibliographic data...
Package biblatex Info: ... file 'dissertation.bbl' found.

(./dissertation.bbl

Package biblatex Warning: BibTeX reported the following issues
(biblatex)                with 'Abrams_1999':
(biblatex)                - Invalid format of field 'month'.


Package biblatex Warning: BibTeX reported the following issues
(biblatex)                with 'RadQuench2':
(biblatex)                - Invalid format of field 'month'.


Package biblatex Warning: BibTeX reported the following issues
(biblatex)                with 'Hohenberg':
(biblatex)                - Invalid format of field 'month'.


Package biblatex Warning: BibTeX reported the following issues
(biblatex)                with 'Mermin2':
(biblatex)                - Invalid format of field 'month'.


Package biblatex Warning: BibTeX reported the following issues
(biblatex)                with 'Majorana':
(biblatex)                - Invalid format of field 'month'.


Package biblatex Warning: BibTeX reported the following issues
(biblatex)                with 'Kolos':
(biblatex)                - Invalid format of field 'month'.


Package biblatex Warning: BibTeX reported the following issues
(biblatex)                with 'Wilzceck1982':
(biblatex)                - Invalid format of field 'month'.


Package biblatex Warning: BibTeX reported the following issues
(biblatex)                with 'YSWU':
(biblatex)                - Invalid format of field 'month'.


Package biblatex Warning: BibTeX reported the following issues
(biblatex)                with 'YangXL':
(biblatex)                - Invalid format of field 'month'.


Package biblatex Warning: BibTeX reported the following issues
(biblatex)                with 'Zygelman88':
(biblatex)                - Invalid format of field 'month'.


Package biblatex Warning: BibTeX reported the following issues
(biblatex)                with 'ZL':
(biblatex)                - Invalid format of field 'month'.

)
Package biblatex Info: Reference section=0 on input line 24.
Package biblatex Info: Reference segment=0 on input line 24.
\c@lstlisting=\count483
 (/usr/local/texlive/2024/texmf-dist/tex/latex/pdflscape/pdflscape.sty
Package: pdflscape 2022-10-27 v0.13 Display of landscape pages in PDF

(/usr/local/texlive/2024/texmf-dist/tex/latex/graphics/lscape.sty
Package: lscape 2020/05/28 v3.02 Landscape Pages (DPC)
))
Package hyperref Info: Link coloring OFF on input line 24.

(./cover.tex [1


{/usr/local/texlive/2024/texmf-var/fonts/map/pdftex/updmap/pdftex.map}{/usr/loc
al/texlive/2024/texmf-dist/fonts/enc/dvips/lm/lm-ec.enc}]
pdfTeX warning (ext4): destination with the same identifier (name{page.1}) has 
been already used, duplicate ignored
<to be read again> 
                   \scan_stop: 
l.75 \end{titlepage}
                     [1


]) (./abstract.tex
LaTeX Font Info:    Trying to load font information for OT1+lmr on input line 2
.

(/usr/local/texlive/2024/texmf-dist/tex/latex/lm/ot1lmr.fd
File: ot1lmr.fd 2015/05/01 v1.6.1 Font defs for Latin Modern
)
LaTeX Font Info:    Trying to load font information for OML+lmm on input line 2
.

(/usr/local/texlive/2024/texmf-dist/tex/latex/lm/omllmm.fd
File: omllmm.fd 2015/05/01 v1.6.1 Font defs for Latin Modern
)
LaTeX Font Info:    Trying to load font information for OMS+lmsy on input line 
2.

(/usr/local/texlive/2024/texmf-dist/tex/latex/lm/omslmsy.fd
File: omslmsy.fd 2015/05/01 v1.6.1 Font defs for Latin Modern
)
LaTeX Font Info:    Trying to load font information for OMX+lmex on input line 
2.

(/usr/local/texlive/2024/texmf-dist/tex/latex/lm/omxlmex.fd
File: omxlmex.fd 2015/05/01 v1.6.1 Font defs for Latin Modern
)
LaTeX Font Info:    External font `lmex10' loaded for size
(Font)              <12> on input line 2.
LaTeX Font Info:    External font `lmex10' loaded for size
(Font)              <8> on input line 2.
LaTeX Font Info:    External font `lmex10' loaded for size
(Font)              <6> on input line 2.
LaTeX Font Info:    Trying to load font information for U+msa on input line 2.

(/usr/local/texlive/2024/texmf-dist/tex/latex/amsfonts/umsa.fd
File: umsa.fd 2013/01/14 v3.01 AMS symbols A
)
LaTeX Font Info:    Trying to load font information for U+msb on input line 2.

(/usr/local/texlive/2024/texmf-dist/tex/latex/amsfonts/umsb.fd
File: umsb.fd 2013/01/14 v3.01 AMS symbols B
)) [3{/usr/local/texlive/2024/texmf-dist/fonts/enc/dvips/lm/lm-mathit.enc}{/usr
/local/texlive/2024/texmf-dist/fonts/enc/dvips/lm/lm-rm.enc}] (./thanks.tex
Overfull \hbox (0.68987pt too wide) in paragraph at lines 5--6
\T1/lmr/m/n/12 goes to my kids, An-drei and Alek-san-dar, who kept me busy. As 
they say if you want some- 
 []

) [4

] (./dissertation.toc
Overfull \hbox (2.41472pt too wide) in paragraph at lines 38--38
 [][] [][]\T1/lmr/m/sc/12 Non-Relativistic So-lu-tion of the Hy-dro-gen Molec-u
-lar Ion in 2 Spa- 
 []


pdfTeX warning (ext4): destination with the same identifier (name{page.1}) has 
been already used, duplicate ignored
<to be read again> 
                   \scan_stop: 
l.51 ...r of Mass as a Plane Wave}{93}{appendix.A}
                                                  % [1

]
Overfull \hbox (15.14131pt too wide) in paragraph at lines 52--52
 [][] []\T1/lmr/m/sc/12 Ap-pendix []Mathematica Code for Cal-cu-lat-ing the Eig
en-val-ues for the 
 []


Overfull \hbox (1.89032pt too wide) in paragraph at lines 54--54
 [][] []\T1/lmr/m/sc/12 Ap-pendix []Fortran code for Cal-cu-lat-ing En-er-gies 
for the 2D prob-lem[] []  
 []

)
\tf@toc=\write4
\openout4 = `dissertation.toc'.

 [2] (./dissertation.lof
Overfull \hbox (7.04924pt too wide) in paragraph at lines 3--3
 [][] [][]\T1/lmr/m/n/12 Illustration of the BO molec-u-lar po-ten-tial curves 
(solid thick lines) par-tic-i-pat- 
 []


Overfull \hbox (19.0697pt too wide) in paragraph at lines 3--3
 \T1/lmr/m/n/12 ing in the ra-dia-tive as-so-ci-a-tion pro-cess. In the $\OML/l
mm/m/it/12 A[]\OT1/lmr/m/n/12 ^^F[]$ \T1/lmr/m/n/12 en-trance chan-nel, the wav
e 
 []


Overfull \hbox (4.9349pt too wide) in paragraph at lines 3--3
 \T1/lmr/m/n/12 func-tion is shown by the light un-du-lat-ing line. The os-cil-
la-tions are due to the 
 []


Overfull \hbox (2.45306pt too wide) in paragraph at lines 3--3
 \T1/lmr/m/n/12 strong po-lar-iza-tion force in the en-trance chan-nel, lead-in
g to a po-ten-tial min-i- 
 []


Overfull \hbox (1.13608pt too wide) in paragraph at lines 3--3
 \T1/lmr/m/n/12 mum at $\OML/lmm/m/it/12 R \OMS/lmsy/m/n/12 ^^Y \OT1/lmr/m/n/12
 14\OML/lmm/m/it/12 a[]$\T1/lmr/m/n/12 . As-so-ci-a-tion is pre-cip-i-tated by 
the emis-sion of a pho-ton of 
 []


Overfull \hbox (17.83867pt too wide) in paragraph at lines 3--3
 \T1/lmr/m/n/12 en-ergy $\OML/lmm/m/it/12 !$ \T1/lmr/m/n/12 near the clas-si-ca
l turn-ing point. The fi-nal bound rho-vibrational state, 
 []


Overfull \hbox (7.99925pt too wide) in paragraph at lines 5--5
 [][] [][]\T1/lmr/m/n/12 Plot of var-i-ous cross sec-tions as a func-tion of in
-com-ing par-tial wave $\OML/lmm/m/it/12 J$\T1/lmr/m/n/12 . Cir-cles 
 []


Overfull \hbox (9.8227pt too wide) in paragraph at lines 5--5
 \T1/lmr/m/n/12 rep-re-sent data for the ra-dia-tive as-so-ci-a-tion cross sec-
tions, X's rep-re-sent an up- 
 []


Overfull \hbox (3.0396pt too wide) in paragraph at lines 5--5
 \T1/lmr/m/n/12 per bound for the to-tal (as-so-ci-a-tion + ra-dia-tive charge 
trans-fer), and squares 
 []


Overfull \hbox (6.76044pt too wide) in paragraph at lines 5--5
 \T1/lmr/m/n/12 rep-re-sent the data for the to-tal ra-dia-tive re-lax-ation ob
-tained us-ing the op-ti-cal 
 []


Overfull \hbox (23.07927pt too wide) in paragraph at lines 6--6
 [][] [][]\T1/lmr/m/n/12 Total ra-dia-tive re-lax-ation cross sec-tion as a fun
c-tion of col-li-sion en-ergy ex-pressed 
 []


Overfull \hbox (1.43794pt too wide) in paragraph at lines 7--7
 [][] [][]\T1/lmr/m/n/12 Emission spec-trum for the ra-dia-tive as-so-ci-a-tion
 pro-cess at a gas tem-per-a-ture 
 []


Overfull \hbox (31.80156pt too wide) in paragraph at lines 11--11
 [][] [][]\T1/lmr/m/n/12 Aaccurate po-ten-tial curve (red) vs LCAO ap-prox-i-ma
-tion (blue) for the $\OML/lmm/m/it/12 H[]$ \T1/lmr/m/n/12 ground 
 []


Overfull \hbox (25.60017pt too wide) in paragraph at lines 12--12
 [][] [][]\T1/lmr/m/n/12 Accurate po-ten-tial curve (red) vs LCAO ap-prox-i-ma-
tion (blue) for the $\OML/lmm/m/it/12 H[]$ \T1/lmr/m/n/12 ground 
 []


Overfull \hbox (4.77591pt too wide) in paragraph at lines 13--13
 [][] [][]\T1/lmr/m/n/12 Accurate po-ten-tial curve (red) vs LCAO ap-prox-i-ma-
tion (blue) for the $\OML/lmm/m/it/12 H[]$ \T1/lmr/m/n/12 1st 
 []


Overfull \hbox (15.22371pt too wide) in paragraph at lines 14--14
 [][] [][]\T1/lmr/m/n/12 Gerade Or-bitals ob-tained from the LCAO ap-prox-i-ma-
tion. The graph shows the 
 []


Overfull \hbox (14.0049pt too wide) in paragraph at lines 14--14
 \T1/lmr/m/n/12 over-lap of the elec-tronic or-bitals for dif-fer-ent val-ues o
f the in-ter-nu-clear dis-tance 
 []


Overfull \hbox (8.59639pt too wide) in paragraph at lines 15--15
 [][] [][]\T1/lmr/m/n/12 Gerade Or-bitals in 3D from the same LCAO ap-prox-i-ma
-tion. The graph shows 
 []


Overfull \hbox (6.04276pt too wide) in paragraph at lines 15--15
 \T1/lmr/m/n/12 the mag-ni-tude of the po-ten-tial func-tion for dif-fer-ent va
l-ues of the in-ter-nu-clear 
 []

[3


{/usr/local/texlive/2024/texmf-dist/fonts/enc/dvips/lm/lm-mathsy.enc}]
Overfull \hbox (6.97977pt too wide) in paragraph at lines 16--16
 [][] [][]\T1/lmr/m/n/12 Ungerade Or-bitals ob-tained from the LCAO ap-prox-i-m
a-tion. The graph shows 
 []


Overfull \hbox (10.74121pt too wide) in paragraph at lines 16--16
 \T1/lmr/m/n/12 the over-lap of the elec-tronic or-bitals for dif-fer-ent val-u
es of the in-ter-nu-clear dis- 
 []


Overfull \hbox (6.87978pt too wide) in paragraph at lines 17--17
 [][] [][]\T1/lmr/m/n/12 Ungerade Or-bitals 3D from the same LCAO ap-prox-i-ma-
tion. The graph shows 
 []


Overfull \hbox (8.0665pt too wide) in paragraph at lines 17--17
 \T1/lmr/m/n/12 the mag-ni-tude of the po-ten-tial func-tion for dif-fer-ent va
l-ues val-ues of the in-ter- 
 []


Overfull \hbox (7.85002pt too wide) in paragraph at lines 18--18
 [][] [][]$\OML/lmm/m/it/12 H[]$ \T1/lmr/m/n/12 Ion, show-ing the po-si-tion of
 the nu-clei at dis-tance R, and a co-or-di-nates of 
 []


Overfull \hbox (24.69048pt too wide) in paragraph at lines 20--20
 [][] [][]\T1/lmr/m/n/12 Total Elec-tron po-ten-tial en-ergy as func-tion of in
-ter-nu-clear dis-tance R for 3D $\OML/lmm/m/it/12 H[]$\T1/lmr/m/n/12 , 
 []


Overfull \hbox (7.21123pt too wide) in paragraph at lines 27--27
 [][] [][]\T1/lmr/m/n/12 Illustration of anyon as a particle-flux tube com-pos-
ite. Il-lus-tra-tion taken from 
 []


Overfull \hbox (47.30382pt too wide) in paragraph at lines 27--27
 \T1/lmr/m/n/12 D. P. Avo-ras ^^QGe-o-met-ric Phases in Physics^^Q, pg. 287, ed
. A. Shapere and F. Wilczek, 
 []


Overfull \hbox (17.86252pt too wide) in paragraph at lines 28--28
 [][] [][]\T1/lmr/m/n/12 Collision tem-per-a-ture $\OML/lmm/m/it/12 T \OT1/lmr/
m/n/12 = 1 \OML/lmm/m/it/12 K:$ \T1/lmr/m/n/12 Blue icons re-fer to a bosonic b
ase, and red icons 
 []


Overfull \hbox (17.86252pt too wide) in paragraph at lines 29--29
 [][] [][]\T1/lmr/m/n/12 Collision tem-per-a-ture $\OML/lmm/m/it/12 T \OT1/lmr/
m/n/12 = 1 \OML/lmm/m/it/12 K:$ \T1/lmr/m/n/12 Blue icons re-fer to a bosonic b
ase, and red icons 
 []


Overfull \hbox (0.17226pt too wide) in paragraph at lines 32--32
 [][] [][]\T1/lmr/m/n/12 Collision tem-per-a-ture $\OML/lmm/m/it/12 T \OT1/lmr/
m/n/12 = 100 \OML/lmm/m/it/12 K:$ \T1/lmr/m/n/12 Blue icons re-fer to a bosonic
 base, and red 
 []


Overfull \hbox (0.17226pt too wide) in paragraph at lines 33--33
 [][] [][]\T1/lmr/m/n/12 Collision tem-per-a-ture $\OML/lmm/m/it/12 T \OT1/lmr/
m/n/12 = 100 \OML/lmm/m/it/12 K:$ \T1/lmr/m/n/12 Blue icons re-fer to a bosonic
 base, and red 
 []


Overfull \hbox (10.62746pt too wide) in paragraph at lines 34--34
 [][] [][]\T1/lmr/m/n/12 Total RCT cross sec-tions. Solid lines re-fer to $\OML
/lmm/m/it/12  \OT1/lmr/m/n/12 = 0$ \T1/lmr/m/n/12 (i.e., ab-sence of flux tube
), 
 []


Overfull \hbox (8.51868pt too wide) in paragraph at lines 34--34
 \T1/lmr/m/n/12 for the bosonic base (Blue line) and the fermionic base (Red li
ne) re-spec-tively. 
 []

)
\tf@lof=\write5
\openout5 = `dissertation.lof'.

 [4] [5] (./dissertation.lot
Overfull \hbox (0.55429pt too wide) in paragraph at lines 8--8
 [][] [][]\T1/lmr/m/n/12 The sep-a-ra-tion con-stant A, elec-tronic en-ergy E, 
and to-tal en-ergy $\OML/lmm/m/it/12 E \OT1/lmr/m/n/12 + 1\OML/lmm/m/it/12 =R$ 
\T1/lmr/m/n/12 for 
 []


Overfull \hbox (0.55429pt too wide) in paragraph at lines 9--9
 [][] [][]\T1/lmr/m/n/12 The sep-a-ra-tion con-stant A, elec-tronic en-ergy E, 
and to-tal en-ergy $\OML/lmm/m/it/12 E \OT1/lmr/m/n/12 + 1\OML/lmm/m/it/12 =R$ 
\T1/lmr/m/n/12 for 
 []


Overfull \hbox (21.75558pt too wide) in paragraph at lines 10--10
 [][] [][]\T1/lmr/m/n/12 Accurate and LCAO En-ergy as Func-tion of R (in-ter-nu
-clear dis-tance) for the ger- 
 []


Overfull \hbox (34.81155pt too wide) in paragraph at lines 11--11
 [][] [][]\T1/lmr/m/n/12 Accurate and LCAO En-ergy as Func-tion of R (in-ter-nu
-clear dis-tance) for the unger- 
 []

)
\tf@lot=\write6
\openout6 = `dissertation.lot'.

 [6


]
\openout2 = `introduction.aux'.

 (./introduction.tex
LaTeX Font Info:    Trying to load font information for T1+phv on input line 1.


(/usr/local/texlive/2024/texmf-dist/tex/latex/psnfss/t1phv.fd
File: t1phv.fd 2020/03/25 scalable font definitions for T1/phv.
)
Chapter 1.

Overfull \hbox (3.08667pt too wide) in paragraph at lines 11--12
\T1/phv/m/n/12 Charge trans-fer (CT) refers to the move-ment of elec-trons or i
ons from one species (atom, 
 []


Overfull \hbox (2.24762pt too wide) in paragraph at lines 11--12
\T1/phv/m/n/12 mag-netic fields. Charge trans-fer can oc-cur through sev-eral m
ech-a-nisms, in-clud-ing chem- 
 []

LaTeX Font Info:    Trying to load font information for TS1+lmr on input line 1
4.
(/usr/local/texlive/2024/texmf-dist/tex/latex/lm/ts1lmr.fd
File: ts1lmr.fd 2015/05/01 v1.6.1 Font defs for Latin Modern
)
pdfTeX warning (ext4): destination with the same identifier (name{page.1}) has 
been already used, duplicate ignored
<to be read again> 
                   \scan_stop: 
l.22 \end{itemize}
                   [1




{/usr/local/texlive/2024/texmf-dist/fonts/enc/dvips/base/8r.enc}{/usr/local/tex
live/2024/texmf-dist/fonts/enc/dvips/lm/lm-ts1.enc}]
pdfTeX warning (ext4): destination with the same identifier (name{page.2}) has 
been already used, duplicate ignored
<to be read again> 
                   \scan_stop: 
l.44 
      [2]
pdfTeX warning (ext4): destination with the same identifier (name{page.3}) has 
been already used, duplicate ignored
<to be read again> 
                   \scan_stop: 
l.54 \noindent
               [3]
Overfull \hbox (22.48975pt too wide) in paragraph at lines 64--65
\T1/phv/m/n/12 than that re-ported in the cited mea-sure-ments. The re-sults of
 our in-ves-ti-ga-tion have prompted 
 []


pdfTeX warning (ext4): destination with the same identifier (name{page.4}) has 
been already used, duplicate ignored
<to be read again> 
                   \scan_stop: 
l.65 
      [4]
Overfull \hbox (4.11882pt too wide) in paragraph at lines 70--71
[]\T1/phv/m/n/12 First, ad-vances in lab-o-ra-tory tech-niques and de-vice fab-
ri-ca-tion over the past few decades 
 []


Overfull \hbox (42.70992pt too wide) in paragraph at lines 74--75
\T1/phv/m/n/12 tudes of iden-ti-cal par-ti-cles. Par-ti-cles that ex-hibit thes
e prop-er-ties are re-ferred to as anyons.  
 []


pdfTeX warning (ext4): destination with the same identifier (name{page.5}) has 
been already used, duplicate ignored
<to be read again> 
                   \scan_stop: 
l.76 I
      n this thesis, we will focus on the \( H-H^{+} \) system as the subjec...
[5]
Overfull \hbox (0.32634pt too wide) in paragraph at lines 76--77
\T1/phv/m/n/12 based de-scrip-tion, we will need to gen-er-ate po-ten-tial en-e
rgy curves in a two-dimensional 
 []


pdfTeX warning (ext4): destination with the same identifier (name{page.6}) has 
been already used, duplicate ignored
<to be read again> 
                   \scan_stop: 
l.89 
      [6] [7{/usr/local/texlive/2024/texmf-dist/fonts/enc/dvips/lm/lm-mathex.en
c}] [8]) [9]
\openout2 = `chapter0.aux'.

 (./chapter0.tex
Chapter 2.

Package hyperref Warning: Token not allowed in a PDF string (Unicode):
(hyperref)                removing `math shift' on input line 1.


Package hyperref Warning: Token not allowed in a PDF string (Unicode):
(hyperref)                removing `superscript' on input line 1.


Package hyperref Warning: Token not allowed in a PDF string (Unicode):
(hyperref)                removing `math shift' on input line 1.

LaTeX Font Info:    External font `lmex10' loaded for size
(Font)              <14.4> on input line 1.
LaTeX Font Info:    External font `lmex10' loaded for size
(Font)              <10> on input line 1.
LaTeX Font Info:    External font `lmex10' loaded for size
(Font)              <7> on input line 1.

Overfull \hbox (6.315pt too wide) in paragraph at lines 1--1
|\T1/phv/m/sc/14.4 Radiative Charge Trans-fer and As-so-ci-a-tion for the $\OML
/lmm/m/it/14.4 Yb[] \OT1/lmr/m/n/14.4 + \OML/lmm/m/it/14.4 Ca$ \T1/phv/m/sc/14.
4 sys-
 []

[10




] [11] [12] [13]
Overfull \hbox (8.27908pt too wide) in paragraph at lines 78--81
\T1/phv/m/n/12 where $\OML/lmm/m/it/12 D\OT1/lmr/m/n/12 (\OML/lmm/m/it/12 R\OT1
/lmr/m/n/12 )$ \T1/phv/m/n/12 is the tran-si-tion dipole mo-ment be-tween $\OML
/lmm/m/it/12 X[]\OT1/lmr/m/n/12 ^^F[]$ \T1/phv/m/n/12 and $\OML/lmm/m/it/12 A[]
\OT1/lmr/m/n/12 ^^F[]$ \T1/phv/m/n/12 states of the $\OML/lmm/m/it/12 YbCa[]$ 
 []

<RadAssocPotentials-4.png, id=354, 631.60968pt x 374.90062pt>
File: RadAssocPotentials-4.png Graphic file (type png)
<use RadAssocPotentials-4.png>
Package pdftex.def Info: RadAssocPotentials-4.png  used on input line 107.
(pdftex.def)             Requested size: 469.75502pt x 278.83508pt.

Underfull \hbox (badness 10000) in paragraph at lines 108--108
[]\T1/lmr/m/n/12 Figure 2.1: |Il-lus-tra-tion of the BO molec-u-lar po-ten-tial
 curves (solid thick lines) par-tic-i-pat-
 []


Underfull \hbox (badness 10000) in paragraph at lines 108--108
\T1/lmr/m/n/12 ing in the ra-dia-tive as-so-ci-a-tion pro-cess. In the $\OML/lm
m/m/it/12 A[]\OT1/lmr/m/n/12 ^^F[]$ \T1/lmr/m/n/12 en-trance chan-nel, the wave
 func-tion
 []


Underfull \hbox (badness 10000) in paragraph at lines 108--108
\T1/lmr/m/n/12 is shown by the light un-du-lat-ing line. The os-cil-la-tions ar
e due to the strong po-lar-iza-tion
 []


Underfull \hbox (badness 10000) in paragraph at lines 108--108
\T1/lmr/m/n/12 pre-cip-i-tated by the emis-sion of a pho-ton of en-ergy $\OML/l
mm/m/it/12 !$ \T1/lmr/m/n/12 near the clas-si-cal turn-ing point. The
 []

[14] [15 <./RadAssocPotentials-4.png>]
Overfull \hbox (11.29553pt too wide) detected at line 166
 $[][] [] \OT1/lmr/m/n/12 = [][] []$  
 []

[16] [17]
<EnsteinA3D.png, id=405, 361.35pt x 236.885pt>
File: EnsteinA3D.png Graphic file (type png)
<use EnsteinA3D.png>
Package pdftex.def Info: EnsteinA3D.png  used on input line 225.
(pdftex.def)             Requested size: 469.75502pt x 307.95407pt.
 [18] [19 <./EnsteinA3D.png>]
<ResultsYbCa.png, id=426, 454.69875pt x 264.99pt>
File: ResultsYbCa.png Graphic file (type png)
<use ResultsYbCa.png>
Package pdftex.def Info: ResultsYbCa.png  used on input line 253.
(pdftex.def)             Requested size: 469.75502pt x 273.7676pt.

Underfull \hbox (badness 10000) in paragraph at lines 254--254
[]\T1/lmr/m/n/12 Figure 2.3: |Plot of var-i-ous cross sec-tions as a func-tion 
of in-com-ing par-tial wave $\OML/lmm/m/it/12 J$\T1/lmr/m/n/12 . Cir-cles
 []


Underfull \hbox (badness 10000) in paragraph at lines 254--254
\T1/lmr/m/n/12 rep-re-sent data for the ra-dia-tive as-so-ci-a-tion cross sec-t
ions, X's rep-re-sent an up-per bound
 []


Underfull \hbox (badness 10000) in paragraph at lines 254--254
\T1/lmr/m/n/12 for the to-tal (as-so-ci-a-tion + ra-dia-tive charge trans-fer),
 and squares rep-re-sent the data for
 []

[20] [21 <./ResultsYbCa.png>]
Overfull \hbox (3.80594pt too wide) in paragraph at lines 269--269
\T1/phv/m/n/12 One can also note that the op-ti-cal po-ten-tial method pre-dict
s cross sec-tions that are larger 
 []


Overfull \hbox (11.98997pt too wide) in paragraph at lines 269--269
\T1/phv/m/n/12 than the ra-dia-tive as-so-ci-a-tion cross sec-tions. At the sam
e time the op-ti-cal po-ten-tial method 
 []

<CrossSection3D.png, id=453, 407.5225pt x 261.97874pt>
File: CrossSection3D.png Graphic file (type png)
<use CrossSection3D.png>
Package pdftex.def Info: CrossSection3D.png  used on input line 274.
(pdftex.def)             Requested size: 469.75502pt x 302.00075pt.

Underfull \hbox (badness 10000) in paragraph at lines 275--275
[]\T1/lmr/m/n/12 Figure 2.4: |To-tal ra-dia-tive re-lax-ation cross sec-tion as
 a func-tion of col-li-sion en-ergy ex-
 []

[22]
<Spectrum3D.png, id=460, 412.54124pt x 275.0275pt>
File: Spectrum3D.png Graphic file (type png)
<use Spectrum3D.png>
Package pdftex.def Info: Spectrum3D.png  used on input line 282.
(pdftex.def)             Requested size: 469.75502pt x 313.17369pt.

Underfull \hbox (badness 10000) in paragraph at lines 283--283
[]\T1/lmr/m/n/12 Figure 2.5: |Emis-sion spec-trum for the ra-dia-tive as-so-ci-
a-tion pro-cess at a gas tem-per-a-ture
 []

[23 <./CrossSection3D.png>] [24 <./Spectrum3D.png>]
Overfull \hbox (8.11528pt too wide) in paragraph at lines 302--304
[]\T1/phv/m/n/12 We can sum-ma-rize the cur-rent chap-ter as fol-lows. Us-ing b
oth quan-tum and semi-classical 
 []

<IsotopicDependency.jpg, id=480, 983.675pt x 750.805pt>
File: IsotopicDependency.jpg Graphic file (type jpg)
<use IsotopicDependency.jpg>
Package pdftex.def Info: IsotopicDependency.jpg  used on input line 316.
(pdftex.def)             Requested size: 469.75502pt x 358.54929pt.
[25]) [26 <./IsotopicDependency.jpg>]
\openout2 = `chapter0-1.aux'.

 (./chapter0-1.tex
Chapter 3.

Overfull \hbox (3.17029pt too wide) in paragraph at lines 17--19
\T1/phv/m/n/12 An ex-cit-ing and im-por-tant fea-ture in this con-text is the e
mer-gence of anyons [[]76[]]. Anyons 
 []

[27




] [28]
Overfull \hbox (0.93823pt too wide) in paragraph at lines 28--30
[]\T1/phv/m/n/12 2D ma-te-ri-als have qual-i-ta-tively dif-fer-ent topo-log-i-c
al prop-er-ties[[]16[]]. More-over, those prop- 
 []


Overfull \hbox (1.9096pt too wide) in paragraph at lines 31--32
[]\T1/phv/m/n/12 Additionally [[]4[]] [[]59[]][[]15[]],2D ma-te-ri-als ex-hibit
 sev-eral other in-ter-est-ing prop-er-ties. Its quan- 
 []

[29] [30] [31] [32] [33] [34] [35]
Chapter 4.

Overfull \hbox (3.83109pt too wide) in paragraph at lines 113--113
|\T1/phv/m/sc/14.4 Overview of the Cal-cu-la-tion of Molec-u-lar Po-ten-tials i
n 3D| 
 []

[36

]
Overfull \hbox (10.85811pt too wide) in paragraph at lines 135--137
\T1/phv/m/n/12 where $\OML/lmm/m/it/12 r \OT1/lmr/m/n/12 = \OMS/lmsy/m/n/12 j\O
T1/lmr/bx/n/12 r\OMS/lmsy/m/n/12 j$\T1/phv/m/n/12 . In the LCAO method, an ap-p
rox-i-mate de-scrip-tion of the 2D ger-ade molecule 
 []

[37]
<Vg-Vs-LCAO-good.png, id=676, 361.35pt x 242.9075pt>
File: Vg-Vs-LCAO-good.png Graphic file (type png)
<use Vg-Vs-LCAO-good.png>
Package pdftex.def Info: Vg-Vs-LCAO-good.png  used on input line 185.
(pdftex.def)             Requested size: 361.34912pt x 242.90689pt.

Underfull \hbox (badness 10000) in paragraph at lines 186--186
[]\T1/lmr/m/n/12 Figure 4.1: |Aac-cu-rate po-ten-tial curve (red) vs LCAO ap-pr
ox-i-ma-tion (blue) for the $\OML/lmm/m/it/12 H[]$
 []

<Vg-Vs-LCAO-2.png, id=677, 361.35pt x 227.85126pt>
File: Vg-Vs-LCAO-2.png Graphic file (type png)
<use Vg-Vs-LCAO-2.png>
Package pdftex.def Info: Vg-Vs-LCAO-2.png  used on input line 193.
(pdftex.def)             Requested size: 361.34912pt x 227.8507pt.

Underfull \hbox (badness 10000) in paragraph at lines 194--194
[]\T1/lmr/m/n/12 Figure 4.2: |Ac-cu-rate po-ten-tial curve (red) vs LCAO ap-pro
x-i-ma-tion (blue) for the $\OML/lmm/m/it/12 H[]$
 []

[38]
<Vu-Vs-LCAO-good.png, id=689, 361.35pt x 240.9pt>
File: Vu-Vs-LCAO-good.png Graphic file (type png)
<use Vu-Vs-LCAO-good.png>
Package pdftex.def Info: Vu-Vs-LCAO-good.png  used on input line 205.
(pdftex.def)             Requested size: 361.34912pt x 240.8994pt.

Underfull \hbox (badness 10000) in paragraph at lines 206--206
[]\T1/lmr/m/n/12 Figure 4.3: |Ac-cu-rate po-ten-tial curve (red) vs LCAO ap-pro
x-i-ma-tion (blue) for the $\OML/lmm/m/it/12 H[]$ \T1/lmr/m/n/12 1st
 []

[39 <./Vg-Vs-LCAO-good.png (PNG copy)>] [40 <./Vg-Vs-LCAO-2.png (PNG copy)> <./
Vu-Vs-LCAO-good.png (PNG copy)>]
<Ger-Lcao-Graphs.jpg, id=701, 1715.40875pt x 452.69125pt>
File: Ger-Lcao-Graphs.jpg Graphic file (type jpg)
<use Ger-Lcao-Graphs.jpg>
Package pdftex.def Info: Ger-Lcao-Graphs.jpg  used on input line 222.
(pdftex.def)             Requested size: 428.85114pt x 113.17253pt.

Underfull \hbox (badness 10000) in paragraph at lines 223--223
[]\T1/lmr/m/n/12 Figure 4.4: |Ger-ade Or-bitals ob-tained from the LCAO ap-prox
-i-ma-tion. The graph shows
 []

<Ger-Lcao-3D-Graphs.jpg, id=702, 460.8417pt x 264.2673pt>
File: Ger-Lcao-3D-Graphs.jpg Graphic file (type jpg)
<use Ger-Lcao-3D-Graphs.jpg>
Package pdftex.def Info: Ger-Lcao-3D-Graphs.jpg  used on input line 228.
(pdftex.def)             Requested size: 469.75502pt x 269.3918pt.

Underfull \hbox (badness 10000) in paragraph at lines 229--229
[]\T1/lmr/m/n/12 Figure 4.5: |Ger-ade Or-bitals in 3D from the same LCAO ap-pro
x-i-ma-tion. The graph shows
 []

<UnGer-Lcao-Graphs.jpg, id=703, 1518.67375pt x 406.51875pt>
File: UnGer-Lcao-Graphs.jpg Graphic file (type jpg)
<use UnGer-Lcao-Graphs.jpg>
Package pdftex.def Info: UnGer-Lcao-Graphs.jpg  used on input line 233.
(pdftex.def)             Requested size: 379.66751pt x 101.62943pt.

Underfull \hbox (badness 10000) in paragraph at lines 234--234
[]\T1/lmr/m/n/12 Figure 4.6: |Unger-ade Or-bitals ob-tained from the LCAO ap-pr
ox-i-ma-tion. The graph shows
 []

<UnGer-Lcao-3D-Graphs.jpg, id=704, 454.3374pt x 264.7491pt>
File: UnGer-Lcao-3D-Graphs.jpg Graphic file (type jpg)
<use UnGer-Lcao-3D-Graphs.jpg>
Package pdftex.def Info: UnGer-Lcao-3D-Graphs.jpg  used on input line 238.
(pdftex.def)             Requested size: 469.75502pt x 273.74493pt.

Underfull \hbox (badness 10000) in paragraph at lines 239--239
[]\T1/lmr/m/n/12 Figure 4.7: |Unger-ade Or-bitals 3D from the same LCAO ap-prox
-i-ma-tion. The graph shows
 []


Underfull \hbox (badness 10000) in paragraph at lines 239--239
\T1/lmr/m/n/12 the mag-ni-tude of the po-ten-tial func-tion for dif-fer-ent val
-ues val-ues of the in-ter-nu-clear dis-
 []

[41 <./Ger-Lcao-Graphs.jpg>]) [42 <./Ger-Lcao-3D-Graphs.jpg>] [43 <./UnGer-Lcao
-Graphs.jpg> <./UnGer-Lcao-3D-Graphs.jpg>]
\openout2 = `chapter1.aux'.

 (./chapter1.tex
Overfull \hbox (34.26163pt too wide) in paragraph at lines 3--4
\T1/phv/m/n/12 view an-a-lytic meth-ods[[]13[]][[]12[]][[]75[]] used to ob-tain
 so-lu-tions of the time-independent Schrodinger 
 []

LaTeX Font Info:    External font `lmex10' loaded for size
(Font)              <5> on input line 6.
[44



]
Overfull \hbox (3.58539pt too wide) in paragraph at lines 37--39
\T1/phv/m/n/12 tion of both the col-lec-tive nu-clear co-or-di-nates $\OT1/lmr/
bx/n/12 R$\T1/phv/m/n/12 , and elec-tronic co-or-di-nates $\OT1/lmr/bx/n/12 x$\
T1/phv/m/n/12 . Of course, 
 []

[45] [46]
<H2Ion3D-2.png, id=771, 495.8525pt x 317.185pt>
File: H2Ion3D-2.png Graphic file (type png)
<use H2Ion3D-2.png>
Package pdftex.def Info: H2Ion3D-2.png  used on input line 98.
(pdftex.def)             Requested size: 469.75502pt x 300.49156pt.

Underfull \hbox (badness 10000) in paragraph at lines 99--99
[]\T1/lmr/m/n/12 Figure 4.8: |$\OML/lmm/m/it/12 H[]$ \T1/lmr/m/n/12 Ion, show-i
ng the po-si-tion of the nu-clei at dis-tance R, and a co-or-di-nates of
 []


Overfull \hbox (20.37721pt too wide) detected at line 114
$[][]$  
 []

[47] [48 <./H2Ion3D-2.png>] [49]
Overfull \hbox (3.98698pt too wide) in paragraph at lines 139--140
\T1/phv/m/n/12 mo-tion in a molecule. The phys-i-cal ba-sis for the ap-prox-i-m
a-tion is the same one as above, 
 []

[50]

Package hyperref Warning: Token not allowed in a PDF string (Unicode):
(hyperref)                removing `math shift' on input line 168.


Package hyperref Warning: Token not allowed in a PDF string (Unicode):
(hyperref)                removing `subscript' on input line 168.


Package hyperref Warning: Token not allowed in a PDF string (Unicode):
(hyperref)                removing `superscript' on input line 168.


Package hyperref Warning: Token not allowed in a PDF string (Unicode):
(hyperref)                removing `math shift' on input line 168.

[51] [52] [53] [54] [55] [56] [57] [58]
<Bates3DEofR-2.png, id=910, 361.35pt x 237.88875pt>
File: Bates3DEofR-2.png Graphic file (type png)
<use Bates3DEofR-2.png>
Package pdftex.def Info: Bates3DEofR-2.png  used on input line 352.
(pdftex.def)             Requested size: 361.34912pt x 237.88815pt.
<Bates3DEofRPlusVofR-2.png, id=913, 361.35pt x 237.88875pt>
File: Bates3DEofRPlusVofR-2.png Graphic file (type png)
<use Bates3DEofRPlusVofR-2.png>
Package pdftex.def Info: Bates3DEofRPlusVofR-2.png  used on input line 360.
(pdftex.def)             Requested size: 361.34912pt x 237.88815pt.

Underfull \hbox (badness 10000) in paragraph at lines 361--361
[]\T1/lmr/m/n/12 Figure 4.10: |To-tal Elec-tron po-ten-tial en-ergy as func-tio
n of in-ter-nu-clear dis-tance R for 3D
 []


Underfull \hbox (badness 10000) in paragraph at lines 374--374
[]|\T1/lmr/m/n/12 -E(R)
 []


Underfull \hbox (badness 10000) in paragraph at lines 374--374
\T1/lmr/m/n/12 (Our
 []


Underfull \hbox (badness 10000) in paragraph at lines 374--374
[]|\T1/lmr/m/n/12 -E(R)
 []


Overfull \hbox (3.26454pt too wide) in paragraph at lines 379--379
[]|\T1/lmr/m/n/12 2.7246154| 
 []


Overfull \hbox (3.26454pt too wide) in paragraph at lines 380--380
[]|\T1/lmr/m/n/12 2.5685373| 
 []


Overfull \hbox (3.26454pt too wide) in paragraph at lines 381--381
[]|\T1/lmr/m/n/12 2.4318740| 
 []


Overfull \hbox (3.26454pt too wide) in paragraph at lines 382--382
[]|\T1/lmr/m/n/12 2.3116176| 
 []


Overfull \hbox (3.26454pt too wide) in paragraph at lines 383--383
[]|\T1/lmr/m/n/12 2.2052681| 
 []


Overfull \hbox (3.26454pt too wide) in paragraph at lines 384--384
[]|\T1/lmr/m/n/12 2.1107695| 
 []


Overfull \hbox (3.26454pt too wide) in paragraph at lines 385--385
[]|\T1/lmr/m/n/12 2.0264405| 
 []


Overfull \hbox (3.26454pt too wide) in paragraph at lines 386--386
[]|\T1/lmr/m/n/12 1.9508966| 
 []


Underfull \hbox (badness 10000) in paragraph at lines 410--410
[]|\T1/lmr/m/n/12 -E(R)
 []


Underfull \hbox (badness 10000) in paragraph at lines 410--410
\T1/lmr/m/n/12 (Our
 []


Underfull \hbox (badness 10000) in paragraph at lines 410--410
[]|\T1/lmr/m/n/12 -E(R)
 []

) [59 <./Bates3DEofR-2.png (PNG copy)>] [60 <./Bates3DEofRPlusVofR-2.png (PNG c
opy)>] [61] [62]
\openout2 = `chapter2.aux'.

 (./chapter2.tex
Chapter 5.

Overfull \hbox (28.3487pt too wide) in paragraph at lines 1--1
|\T1/phv/m/sc/14.4 Non-Relativistic So-lu-tion of the Hy-dro-gen Molec-u-lar Io
n in 2 Spa-
 []

[63




]
Overfull \hbox (0.3415pt too wide) in paragraph at lines 21--22
\T1/phv/m/n/12 prob-lem), with two co-or-di-nates, $\OML/lmm/m/it/12 ^^V$ \T1/p
hv/m/n/12 and $\OML/lmm/m/it/12 ^^U$ \T1/phv/m/n/12 de-not-ing the po-si-tion o
f the elec-tron in 2D plane. 
 []


Package hyperref Warning: Token not allowed in a PDF string (Unicode):
(hyperref)                removing `math shift' on input line 23.


Package hyperref Warning: Token not allowed in a PDF string (Unicode):
(hyperref)                removing `subscript' on input line 23.


Package hyperref Warning: Token not allowed in a PDF string (Unicode):
(hyperref)                removing `superscript' on input line 23.


Package hyperref Warning: Token not allowed in a PDF string (Unicode):
(hyperref)                removing `math shift' on input line 23.

[64]
File: H2Ion3D-2.png Graphic file (type png)
<use H2Ion3D-2.png>
Package pdftex.def Info: H2Ion3D-2.png  used on input line 65.
(pdftex.def)             Requested size: 495.85129pt x 317.1842pt.

Overfull \hbox (26.09627pt too wide) in paragraph at lines 65--66
[][] 
 []

[65] [66] [67] [68] [69]
Underfull \hbox (badness 10000) in paragraph at lines 192--192
[]\T1/lmr/m/n/12 Table 5.1: |The sep-a-ra-tion con-stant A, elec-tronic en-ergy
 E, and to-tal en-ergy $\OML/lmm/m/it/12 E \OT1/lmr/m/n/12 + 1\OML/lmm/m/it/12 
=R$ \T1/lmr/m/n/12 for
 []


Underfull \hbox (badness 10000) in paragraph at lines 227--227
[]\T1/lmr/m/n/12 Table 5.2: |The sep-a-ra-tion con-stant A, elec-tronic en-ergy
 E, and to-tal en-ergy $\OML/lmm/m/it/12 E \OT1/lmr/m/n/12 + 1\OML/lmm/m/it/12 
=R$ \T1/lmr/m/n/12 for
 []


LaTeX Warning: `!h' float specifier changed to `!ht'.

<H2_1Sg-Potential.pdf, id=1030, 361.35pt x 221.82875pt>
File: H2_1Sg-Potential.pdf Graphic file (type pdf)
<use H2_1Sg-Potential.pdf>
Package pdftex.def Info: H2_1Sg-Potential.pdf  used on input line 262.
(pdftex.def)             Requested size: 469.75502pt x 288.38069pt.
<H2_1Su-Potential.png, id=1031, 361.35pt x 221.82875pt>
File: H2_1Su-Potential.png Graphic file (type png)
<use H2_1Su-Potential.png>
Package pdftex.def Info: H2_1Su-Potential.png  used on input line 267.
(pdftex.def)             Requested size: 469.75502pt x 288.38069pt.
<H2_sGpU-Potential.png, id=1032, 361.35pt x 228.35312pt>
File: H2_sGpU-Potential.png Graphic file (type png)
<use H2_sGpU-Potential.png>
Package pdftex.def Info: H2_sGpU-Potential.png  used on input line 273.
(pdftex.def)             Requested size: 361.34912pt x 228.35255pt.
[70] [71 <./H2_1Sg-Potential.pdf> <./H2_1Su-Potential.png (PNG copy)>] [72]
[73 <./H2_sGpU-Potential.png (PNG copy)>]
Underfull \hbox (badness 10000) in paragraph at lines 316--316
[]\T1/lmr/m/n/12 Table 5.3: |Ac-cu-rate and LCAO En-ergy as Func-tion of R (in-
ter-nu-clear dis-tance) for the
 []


Underfull \hbox (badness 10000) in paragraph at lines 322--322
[]|\T1/lmr/m/n/12 E(R) +
 []


Underfull \hbox (badness 10000) in paragraph at lines 322--322
\T1/lmr/m/n/12 V(R)
 []


Underfull \hbox (badness 10000) in paragraph at lines 322--322
[]|\T1/lmr/m/n/12 E(R) +
 []


Underfull \hbox (badness 10000) in paragraph at lines 322--322
\T1/lmr/m/n/12 V(R)
 []


Underfull \hbox (badness 10000) in paragraph at lines 324--325
[]|\T1/lmr/m/n/12 -
 []


Underfull \hbox (badness 10000) in paragraph at lines 330--331
[]|\T1/lmr/m/n/12 -2.61749
 []


Underfull \hbox (badness 10000) in paragraph at lines 356--356
[]\T1/lmr/m/n/12 Table 5.4: |Ac-cu-rate and LCAO En-ergy as Func-tion of R (in-
ter-nu-clear dis-tance) for the
 []


Underfull \hbox (badness 10000) in paragraph at lines 362--362
[]|\T1/lmr/m/n/12 E(R) +
 []


Underfull \hbox (badness 10000) in paragraph at lines 362--362
\T1/lmr/m/n/12 V(R)
 []


Underfull \hbox (badness 10000) in paragraph at lines 362--362
[]|\T1/lmr/m/n/12 E(R) +
 []


Underfull \hbox (badness 10000) in paragraph at lines 362--362
\T1/lmr/m/n/12 V(R)
 []


Underfull \hbox (badness 10000) in paragraph at lines 365--366
[]|\T1/lmr/m/n/12 -
 []


Underfull \hbox (badness 10000) in paragraph at lines 366--367
[]|\T1/lmr/m/n/12 -
 []


Underfull \hbox (badness 10000) in paragraph at lines 367--368
[]|\T1/lmr/m/n/12 -
 []


Underfull \hbox (badness 10000) in paragraph at lines 368--368
[]|\T1/lmr/m/n/12 -
 []


Underfull \hbox (badness 10000) in paragraph at lines 369--369
[]|\T1/lmr/m/n/12 -
 []


Underfull \hbox (badness 10000) in paragraph at lines 370--370
[]|\T1/lmr/m/n/12 -
 []

[74] [75])
\openout2 = `chapter3.aux'.

 (./chapter3.tex
Chapter 6.
[76






] [77]) [78]
\openout2 = `chapter5.aux'.

 (./chapter5.tex
Overfull \hbox (2.12091pt too wide) in paragraph at lines 29--32
\T1/phv/m/n/12 Due to the $\OML/lmm/m/it/12 H$ \T1/phv/m/n/12 nu-clei be-ing eq
ual, the charge-transfer prob-a-bil-ity is gov-erned by the phase 
 []

[79



] [80
pdfTeX warning (ext4): destination with the same identifier (name{equation.6.2.
25}) has been already used, duplicate ignored
<argument> ...shipout:D \box_use:N \l_shipout_box 
                                                  \__shipout_drop_firstpage_...
l.251 F
       or fermions $\alpha=1$, and for bosons $\alpha=0.$ For fractional val...

pdfTeX warning (ext4): destination with the same identifier (name{equation.6.2.
26}) has been already used, duplicate ignored
<argument> ...shipout:D \box_use:N \l_shipout_box 
                                                  \__shipout_drop_firstpage_...
l.251 F
       or fermions $\alpha=1$, and for bosons $\alpha=0.$ For fractional val...
]
<fluxtube.png, id=1145, 3311.37125pt x 2646.88875pt>
File: fluxtube.png Graphic file (type png)
<use fluxtube.png>
Package pdftex.def Info: fluxtube.png  used on input line 257.
(pdftex.def)             Requested size: 469.75502pt x 375.48926pt.

Underfull \hbox (badness 10000) in paragraph at lines 258--258
[]\T1/lmr/m/n/12 Figure 6.1: |Il-lus-tra-tion of anyon as a particle-flux tube 
com-pos-ite. Il-lus-tra-tion taken from
 []


Underfull \hbox (badness 10000) in paragraph at lines 258--258
\T1/lmr/m/n/12 D. P. Avo-ras ^^QGe-o-met-ric Phases in Physics^^Q, pg. 287, ed.
 A. Shapere and F. Wilczek,
 []

[81] [82 <./fluxtube.png>] [83]
Overfull \hbox (7.11179pt too wide) in paragraph at lines 339--341
\T1/phv/m/n/12 ade/unger-ade po-ten-tials. The re-stric-tion to odd val-ues of 
$\OML/lmm/m/it/12 m$ \T1/phv/m/n/12 is de-ter-mined by the fermionic 
 []

[84]
<fig1a.pdf, id=1191, 433.62pt x 286.06876pt>
File: fig1a.pdf Graphic file (type pdf)
<use fig1a.pdf>
Package pdftex.def Info: fig1a.pdf  used on input line 363.
(pdftex.def)             Requested size: 469.75502pt x 309.92305pt.

Underfull \hbox (badness 5681) in paragraph at lines 364--364
[]\T1/lmr/m/n/12 Figure 6.2: |Col-li-sion tem-per-a-ture $\OML/lmm/m/it/12 T \O
T1/lmr/m/n/12 = 1 \OML/lmm/m/it/12 K:$ \T1/lmr/m/n/12 Blue icons re-fer to a bo
sonic base, and red
 []

[85]
<fig1b.pdf, id=1197, 260.975pt x 171.64125pt>
File: fig1b.pdf Graphic file (type pdf)
<use fig1b.pdf>
Package pdftex.def Info: fig1b.pdf  used on input line 370.
(pdftex.def)             Requested size: 328.82707pt x 216.26909pt.

Underfull \hbox (badness 5681) in paragraph at lines 371--371
[]\T1/lmr/m/n/12 Figure 6.3: |Col-li-sion tem-per-a-ture $\OML/lmm/m/it/12 T \O
T1/lmr/m/n/12 = 1 \OML/lmm/m/it/12 K:$ \T1/lmr/m/n/12 Blue icons re-fer to a bo
sonic base, and red
 []

<fig2a.pdf, id=1198, 433.62pt x 289.08pt>
File: fig2a.pdf Graphic file (type pdf)
<use fig2a.pdf>
Package pdftex.def Info: fig2a.pdf  used on input line 377.
(pdftex.def)             Requested size: 469.75502pt x 313.1854pt.

Underfull \hbox (badness 2600) in paragraph at lines 378--378
[]\T1/lmr/m/n/12 Figure 6.4: |Col-li-sion tem-per-a-ture $\OML/lmm/m/it/12 T \O
T1/lmr/m/n/12 = 10 \OML/lmm/m/it/12 K:$ \T1/lmr/m/n/12 Blue icons re-fer to a b
osonic base, and red
 []

[86 <./fig1a.pdf> <./fig1b.pdf

pdfTeX warning: pdflatex (file ./fig1b.pdf): PDF inclusion: multiple pdfs with 
page group included in a single page
>]
<fig2b.pdf, id=1256, 260.975pt x 170.6375pt>
File: fig2b.pdf Graphic file (type pdf)
<use fig2b.pdf>
Package pdftex.def Info: fig2b.pdf  used on input line 384.
(pdftex.def)             Requested size: 328.82707pt x 215.00436pt.

Underfull \hbox (badness 2600) in paragraph at lines 385--385
[]\T1/lmr/m/n/12 Figure 6.5: |Col-li-sion tem-per-a-ture $\OML/lmm/m/it/12 T \O
T1/lmr/m/n/12 = 10 \OML/lmm/m/it/12 K:$ \T1/lmr/m/n/12 Blue icons re-fer to a b
osonic base, and red
 []

<fig3a.pdf, id=1257, 433.62pt x 289.08pt>
File: fig3a.pdf Graphic file (type pdf)
<use fig3a.pdf>
Package pdftex.def Info: fig3a.pdf  used on input line 392.
(pdftex.def)             Requested size: 469.75502pt x 313.1854pt.
[87 <./fig2a.pdf> <./fig2b.pdf

pdfTeX warning: pdflatex (file ./fig2b.pdf): PDF inclusion: multiple pdfs with 
page group included in a single page
>]
<fig3b.pdf, id=1316, 260.975pt x 170.6375pt>
File: fig3b.pdf Graphic file (type pdf)
<use fig3b.pdf>
Package pdftex.def Info: fig3b.pdf  used on input line 399.
(pdftex.def)             Requested size: 328.82707pt x 215.00436pt.
<CT.pdf, id=1317, 260.975pt x 171.64125pt>
File: CT.pdf Graphic file (type pdf)
<use CT.pdf>
Package pdftex.def Info: CT.pdf  used on input line 407.
(pdftex.def)             Requested size: 422.77664pt x 278.0625pt.

Underfull \hbox (badness 10000) in paragraph at lines 408--408
\T1/lmr/m/n/12 for the bosonic base (Blue line) and the fermionic base (Red lin
e) re-spec-tively. The dashed
 []

[88 <./fig3a.pdf> <./fig3b.pdf

pdfTeX warning: pdflatex (file ./fig3b.pdf): PDF inclusion: multiple pdfs with 
page group included in a single page
>]) [89 <./CT.pdf>]
\openout2 = `conclusion.aux'.

 (./conclusion.tex
Chapter 7.

Overfull \hbox (1.08263pt too wide) in paragraph at lines 4--5
\T1/phv/m/n/12 (2D) quan-tum en-vi-ron-ments. The cen-tral ob-jec-tive has been
 to deepen our under- stand- 
 []


Overfull \hbox (29.1634pt too wide) in paragraph at lines 4--5
\T1/phv/m/n/12 while also ex-tend-ing ex-ist-ing the-o-ret-i-cal frame-works in
to pre-vi-ously un-ex-plored do-mains.  
 []

[90




]) [91] [92]
\openout2 = `appendixA.aux'.

 (./appendixA.tex
Appendix A.
[93




]
Overfull \hbox (55.2833pt too wide) detected at line 49
$[][]$  
 []

[94]) [95]
\openout2 = `appendixB.aux'.

 (./appendixB.tex
Appendix B.

Overfull \hbox (21.59505pt too wide) in paragraph at lines 1--1
|\T1/phv/m/sc/14.4 Mathematica Code for Cal-cu-lat-ing the Eigen-val-ues for th
e H2 Ion
 []

LaTeX Font Info:    Trying to load font information for T1+lmtt on input line 1
5.
(/usr/local/texlive/2024/texmf-dist/tex/latex/lm/t1lmtt.fd
File: t1lmtt.fd 2015/05/01 v1.6.1 Font defs for Latin Modern
)
File: "Bates-Reproduce-3D-accessible.txt"  (verbatim)
 [96




]
Overfull \hbox (13.1386pt too wide) in paragraph at lines 15--15
[]                               \T1/lmtt/m/n/10.95 - 2 n (n + 1)              
        2 ?2 n2 + 2 n - 1?[] 
 []


Overfull \hbox (151.1082pt too wide) in paragraph at lines 15--15
[]\T1/lmtt/m/n/10.95 mSumExpanded[m_, n_] :=                          + p2     
                                         d[m, n] +[] 
 []


Overfull \hbox (24.63606pt too wide) in paragraph at lines 15--15
[]                                  \T1/lmtt/m/n/10.95 2n+1                   ?
2 n + 3? ?2 n + 1? ?2 n - 1?[] 
 []


Overfull \hbox (82.1234pt too wide) in paragraph at lines 15--15
[]              \T1/lmtt/m/n/10.95 2 (n + 1) ?n + 2?                           
                           2 n (n - 1)[] 
 []


Overfull \hbox (214.34427pt too wide) in paragraph at lines 15--15
[]    \T1/lmtt/m/n/10.95 p2                                    d[m, n + 2] + p2
                                                 d[m, n - 2];[] 
 []


Overfull \hbox (110.86707pt too wide) in paragraph at lines 15--15
[]         \T1/lmtt/m/n/10.95 ?2 n + 1? ?2 n + 3? ?2 n + 5?                    
              ?2 n + 1? ?2 n - 1? ?2 n - 3?[] 
 []


Overfull \hbox (99.3696pt too wide) in paragraph at lines 15--15
[]  \T1/lmtt/m/n/10.95 ?- 2 p n ?2 n + 1? - ?2 p - 1? n2 + ?- 2 p + 2 R? ?2 n +
 1? + (- 4 p + 1) n + ?- 2 p - p2 + 2 R??[] 
 []

[97]
Overfull \hbox (128.11327pt too wide) in paragraph at lines 15--15
[]   \T1/lmtt/m/n/10.95 matrixM[[m + 1]] = Table?mSumExpanded[m, n]            
                           , {n, 0, max - 1}?,[] 
 []


Overfull \hbox (1.64113pt too wide) in paragraph at lines 15--15
[]                                    \T1/lmtt/m/n/10.95 ??????????????????????
????????????????????????[] 
 []

[98] [99]
Overfull \hbox (70.62593pt too wide) in paragraph at lines 15--15
[]                 \T1/lmtt/m/n/10.95 Sort[Map[rm, Eigenvalues[N[matrixM /. p -
> pgrid[[i]], 10.]]], Greater][[1]];[] 
 []


Overfull \hbox (105.11833pt too wide) in paragraph at lines 15--15
[]                      \T1/lmtt/m/n/10.95 ?Eigenvalues[N[matrixL /. {R -> radi
us, p -> pgrid[[i]]}, 10.]] (- 1)???[[1]];[] 
 []


Overfull \hbox (59.12846pt too wide) in paragraph at lines 15--15
[]                                              \T1/lmtt/m/n/10.95 ????????????
??????????????????????????????????[] 
 []

[100]
Overfull \hbox (277.58034pt too wide) in paragraph at lines 15--15
[]                                                                             
                      \T1/lmtt/m/n/10.95 Bates-Reproduce-3D.nb   ???   3[] 
 []

[101]
Overfull \hbox (7.38986pt too wide) in paragraph at lines 15--15
[]                                                                             
     \T1/lmtt/m/n/10.95 1[] 
 []


Overfull \hbox (1.64113pt too wide) in paragraph at lines 15--15
[]                                                                             
    \T1/lmtt/m/n/10.95 R[] 
 []


Overfull \hbox (82.1234pt too wide) in paragraph at lines 15--15
[]                                                  \T1/lmtt/m/n/10.95 ????????
??????????????????????????????????????[] 
 []

) [102]
\openout2 = `appendixC.aux'.

 (./appendixC.tex
Appendix C.

Underfull \hbox (badness 10000) in paragraph at lines 8--54
$[][]  
 []


Underfull \hbox (badness 10000) in paragraph at lines 8--54
[][]  
 []


Underfull \hbox (badness 10000) in paragraph at lines 8--54
[][]  
 []


Underfull \hbox (badness 10000) in paragraph at lines 8--54
[][]  
 []


Underfull \hbox (badness 10000) in paragraph at lines 8--54
[][]  
 []


Underfull \hbox (badness 10000) in paragraph at lines 8--54
[][]  
 []


Underfull \hbox (badness 10000) in paragraph at lines 8--54
[][]  
 []


Underfull \hbox (badness 10000) in paragraph at lines 8--54
[][]  
 []


Underfull \hbox (badness 10000) in paragraph at lines 8--54
[][]  
 []


Underfull \hbox (badness 10000) in paragraph at lines 8--54
[][]  
 []


Underfull \hbox (badness 10000) in paragraph at lines 8--54
[][]  
 []


Underfull \hbox (badness 3861) in paragraph at lines 8--54
[][]  
 []


Underfull \hbox (badness 10000) in paragraph at lines 8--54
[][]  
 []


Underfull \hbox (badness 10000) in paragraph at lines 8--54
[][]  
 []


Underfull \hbox (badness 10000) in paragraph at lines 8--54
[][]  
 []


Underfull \hbox (badness 10000) in paragraph at lines 8--54
[][]  
 []


Underfull \hbox (badness 10000) in paragraph at lines 8--54
[][]  
 []


Underfull \hbox (badness 10000) in paragraph at lines 8--54
[][]  
 []


Underfull \hbox (badness 10000) in paragraph at lines 8--54
[][]  
 []


Underfull \hbox (badness 6741) in paragraph at lines 8--54
[][]  
 []


Underfull \hbox (badness 10000) in paragraph at lines 8--54
[][]  
 []


Underfull \hbox (badness 1721) in paragraph at lines 8--54
[][]  
 []


Underfull \hbox (badness 10000) in paragraph at lines 8--54
[][]  
 []


Underfull \hbox (badness 10000) in paragraph at lines 8--54
[] []  
 []


Underfull \hbox (badness 10000) in paragraph at lines 8--54
[][]  
 []


Underfull \hbox (badness 10000) in paragraph at lines 8--54
[][]  
 []


Underfull \hbox (badness 5637) in paragraph at lines 8--54
[][]  
 []


Underfull \hbox (badness 10000) in paragraph at lines 8--54
[] []  
 []


Underfull \hbox (badness 10000) in paragraph at lines 8--54
[][]  
 []


Underfull \hbox (badness 10000) in paragraph at lines 8--54
[][]  
 []


Underfull \hbox (badness 10000) in paragraph at lines 8--54
[][]  
 []


Underfull \hbox (badness 10000) in paragraph at lines 8--54
[][]  
 []


Underfull \hbox (badness 10000) in paragraph at lines 8--54
[][]  
 []


Underfull \hbox (badness 10000) in paragraph at lines 8--54
[][]  
 []


Underfull \hbox (badness 10000) in paragraph at lines 8--54
[][]  
 []


Underfull \hbox (badness 10000) in paragraph at lines 8--54
[][]  
 []


Underfull \hbox (badness 10000) in paragraph at lines 8--54
[][]  
 []


Underfull \hbox (badness 10000) in paragraph at lines 8--54
[][]  
 []


Underfull \hbox (badness 10000) in paragraph at lines 8--54
[][]  
 []


Underfull \hbox (badness 10000) in paragraph at lines 8--54
[][]  
 []


Underfull \hbox (badness 10000) in paragraph at lines 8--54
[][]  
 []


Underfull \hbox (badness 10000) in paragraph at lines 8--54
[][]  
 []

[103




]
Underfull \hbox (badness 10000) in paragraph at lines 57--63
$[][]  
 []


Underfull \hbox (badness 10000) in paragraph at lines 57--63
[][]  
 []


Underfull \hbox (badness 10000) in paragraph at lines 57--63
[][]  
 []


Underfull \hbox (badness 10000) in paragraph at lines 57--63
[][]  
 []


Underfull \hbox (badness 10000) in paragraph at lines 57--63
[][]  
 []

[104]
Underfull \hbox (badness 10000) in paragraph at lines 66--70
$[][]  
 []


Underfull \hbox (badness 10000) in paragraph at lines 73--80
$[][]  
 []


Overfull \hbox (15.69229pt too wide) in paragraph at lines 73--80
[][]  
 []


Overfull \hbox (14.37956pt too wide) in paragraph at lines 87--93
[][]  
 []


Overfull \hbox (14.34845pt too wide) in paragraph at lines 87--93
[][]  
 []


Overfull \hbox (0.29857pt too wide) in paragraph at lines 87--93
[][]  
 []


Overfull \hbox (52.59212pt too wide) in paragraph at lines 96--101
$[][]  
 []


Overfull \hbox (6.74242pt too wide) in paragraph at lines 96--101
[][]  
 []


Underfull \hbox (badness 10000) in paragraph at lines 96--101
[][]  
 []

) [105]
\openout2 = `appendixD.aux'.

 (./appendixD.tex
Appendix D.

Overfull \hbox (5.8038pt too wide) in paragraph at lines 1--1
|\T1/phv/m/sc/14.4 Fortran code for Cal-cu-lat-ing En-er-gies for the 2D prob-l
em| 
 []


Overfull \hbox (98.33125pt too wide) in paragraph at lines 10--10
[]\T1/lmtt/m/n/12 ! gfortran -O4 -o h2Plus h2plus.f90 hpsort.f90 -L ./ -l lapac
ke -l lapack -l blas -l install[] 
 []

[106




] [107] [108] [109] [110] [111] [112]
Overfull \hbox (11.89522pt too wide) in paragraph at lines 195--195
[]\T1/lmtt/m/n/12 !     val = ( (-1)*((2.0d0 * k + 1)**2) + ( (p**2.0)/4.0d0) )
 * Delta(m,k) + &[] 
 []

[113] [114] [115]) [116]
\openout2 = `appendixE.aux'.

 (./appendixE.tex
Appendix E.
File: "Z_u_g_first-5-v1-accessible.txt"  (verbatim)

Overfull \hbox (13.1386pt too wide) in paragraph at lines 8--8
[]          \T1/lmtt/m/n/10.95 geradePotential = Table[{geradeData?i, 1?, gerad
eData?i, 3?}, {i, 1, 27}];[] 
 []


Overfull \hbox (47.631pt too wide) in paragraph at lines 8--8
[]          \T1/lmtt/m/n/10.95 ungeradePotential = Table[{ungeradeData?i, 1?, u
ngeradeData?i, 3?}, {i, 1, 27}];[] 
 []

[117




]
Overfull \hbox (59.12846pt too wide) in paragraph at lines 8--8
[]             \T1/lmtt/m/n/10.95 {{gshort[R], R <= 0.3}, {geradefun[R], 0.3 < 
R < 13.0}, {long[R], R >= 13.0}}];[] 
 []


Overfull \hbox (70.62593pt too wide) in paragraph at lines 8--8
[]             \T1/lmtt/m/n/10.95 {{ushort[R], R <= 0.3}, {ungeradefun[R], 0.3 
< R < 13.0}, {long[R], R >= 13.0}}];[] 
 []


Overfull \hbox (145.35947pt too wide) in paragraph at lines 8--8
[]             \T1/lmtt/m/n/10.95 equG := yg ''[r] + yg '[r] / r - 2 u (gpot[r]
 + 2) yg[r] - m ^ 2 / r ^ 2 yg[r] + 2 u e yg[r] ;[] 
 []


Overfull \hbox (139.61073pt too wide) in paragraph at lines 8--8
[]             \T1/lmtt/m/n/10.95 equU := yu ''[r] + yu '[r] / r - 2 u (upot[r]
 + 2) yu[r] - m ^ 2 / r ^ 2 yu[r] + 2 u e yu[r];[] 
 []

[118]
Overfull \hbox (110.86707pt too wide) in paragraph at lines 8--8
[]                       \T1/lmtt/m/n/10.95 {equG ? 0, yg[r0] ? 0, yg '[r0] ? 1
}, yg, {r, r0, rend}, MaxSteps ? 200 000]];[] 
 []


Overfull \hbox (110.86707pt too wide) in paragraph at lines 8--8
[]                       \T1/lmtt/m/n/10.95 {equU ? 0, yu[r0] ? 0, yu '[r0] ? 1
}, yu, {r, r0, rend}, MaxSteps ? 200 000]];[] 
 []


Overfull \hbox (156.85693pt too wide) in paragraph at lines 8--8
[]                     \T1/lmtt/m/n/10.95 (-I) ^ (Abs[n]) ( slp[n, r] - ylogG[r
] x sl[n, r]) / ( clp[n, r] - ylogG[r] x cl[n, r]);[] 
 []


Overfull \hbox (156.85693pt too wide) in paragraph at lines 8--8
[]                     \T1/lmtt/m/n/10.95 (-I) ^ (Abs[n]) ( slp[n, r] - ylogU[r
] x sl[n, r]) / ( clp[n, r] - ylogU[r] x cl[n, r]);[] 
 []


Overfull \hbox (36.13353pt too wide) in paragraph at lines 8--8
[]                     \T1/lmtt/m/n/10.95 Return??Abs[N[bG[m, rend]]], Abs[N[bG
[m, rend] - bU[m, rend]]]2 ??,[] 
 []


Overfull \hbox (59.12846pt too wide) in paragraph at lines 8--8
[]                     \T1/lmtt/m/n/10.95 Return??2 Abs[N[bG[m, rend]]], 2 Abs[
N[bG[m, rend] - bU[m, rend]]]2 ???[] 
 []

[119]
Overfull \hbox (53.37973pt too wide) in paragraph at lines 8--8
[]                                                                    \T1/lmtt/
m/n/10.95 Z_u_g_first-5-v1.nb   3[] 
 []

[120] [121]
Overfull \hbox (110.86707pt too wide) in paragraph at lines 8--8
[]                    \T1/lmtt/m/n/10.95 Interpolation[{crossSection?All, 1?, c
rossSection?All, 2??All, 1?} // Transpose];[] 
 []


Overfull \hbox (110.86707pt too wide) in paragraph at lines 8--8
[]                    \T1/lmtt/m/n/10.95 Interpolation[{crossSection?All, 1?, c
rossSection?All, 2??All, 2?} // Transpose];[] 
 []


Overfull \hbox (13.1386pt too wide) in paragraph at lines 8--8
[]                \T1/lmtt/m/n/10.95 PlotLabel ? "Resonant Charge Transfer Cros
s Section (a0) vs Energy"][] 
 []

[122]
Overfull \hbox (7.38986pt too wide) in paragraph at lines 8--8
[]                                                                             
    \T1/lmtt/m/n/10.95 eV[] 
 []

[123]
Overfull \hbox (7.38986pt too wide) in paragraph at lines 8--8
[]                                                                             
    \T1/lmtt/m/n/10.95 eV[] 
 []

) [124]
Overfull \hbox (11.99875pt too wide) in paragraph at lines 84--84
[]\T1/lmr/m/n/12 Daniel S. Abrams and Seth Lloyd. ``Non-lin-ear Quan-tum Me-cha
n-ics Im-plies Polynomial- 
 []


Overfull \hbox (0.37364pt too wide) in paragraph at lines 84--84
[]\T1/lmr/m/n/12 Geim A.K. and Novoselov K.S. ``The Rise of Graphene''. In: \T1
/lmr/m/it/12 Na-ture Ma-te-ri-als \T1/lmr/m/n/12 (2007). 
 []

[125




] [126] [127]
Overfull \hbox (20.9127pt too wide) in paragraph at lines 84--84
\T1/lmr/m/it/12 of Quan-tum Fluid with Frac-tion-ally Charged Ex-ci-ta-tions\T1
/lmr/m/n/12 . \T1/lmr/m/sc/12 url\T1/lmr/m/n/12 : []$\T1/lmtt/m/n/12 http : / /
 www . nobelprize . 
 []

[128]
Overfull \hbox (1.92459pt too wide) in paragraph at lines 84--84
\T1/lmr/m/sc/12 url\T1/lmr/m/n/12 : []$\T1/lmtt/m/n/12 http : / / quince . leed
s . ac . uk / ~phyjkp / index _ files / JiannisPachosLecture . 
 []


Overfull \hbox (12.90683pt too wide) in paragraph at lines 84--84
[]\T1/lmr/m/n/12 R. E. Pierls. ``Quelques pro-pri-etes typ-iques des corpses so
lides''. In: \T1/lmr/m/it/12 Ann. I. H. Poincare 
 []


Overfull \hbox (42.66086pt too wide) in paragraph at lines 84--84
\T1/lmr/m/n/12 (1982), pp. 89^^U139. \T1/lmr/m/sc/12 url\T1/lmr/m/n/12 : []$\T1
/lmtt/m/n/12 https : / / math . dartmouth . edu / ~carlp / PDF / analysiscompar
ison . 
 []

[129]
Overfull \hbox (4.5646pt too wide) in paragraph at lines 84--84
[]\T1/lmr/m/n/12 R Singh. ``Ex-ci-tons in Semi-con-duc-tor Quan-tum Wells Stud-
ied Us-ing Two-Dimensional 
 []


Overfull \hbox (9.09259pt too wide) in paragraph at lines 84--84
\T1/lmr/m/sc/12 url\T1/lmr/m/n/12 : []$\T1/lmtt/m/n/12 https : / / jila . color
ado . edu / publications / 46707 / excitons -[] semiconductor -[] 
 []


Overfull \hbox (16.81828pt too wide) in paragraph at lines 84--84
[]\T1/lmr/m/n/12 Daniel Walsh. \T1/lmr/m/it/12 A Physi-cist's In-tro-duc-tion t
o Topol-ogy: Con-nec-tions to Bosons, Fermions, 
 []

[130] [131] [132]
\openout2 = `cv.aux'.

 (./cv.tex
File: "cv-accessible.txt"  (verbatim)

Overfull \hbox (41.88226pt too wide) in paragraph at lines 9--9
[]\T1/lmtt/m/n/10.95 Zelimir Lucic                                             
                ?(206) 384-8528[] 
 []


Overfull \hbox (59.12846pt too wide) in paragraph at lines 9--9
[]\T1/lmtt/m/n/10.95 9810 Mercerwood Drive                                     
         ? zelimir.lucic@gmail.com[] 
 []


Overfull \hbox (70.62593pt too wide) in paragraph at lines 9--9
[]\T1/lmtt/m/n/10.95 Software engineer with over 18+ years experience in Softwa
re Engineering, Business to Business[] 
 []


Overfull \hbox (105.11833pt too wide) in paragraph at lines 9--9
[]\T1/lmtt/m/n/10.95 applications, Object Oriented design and methodologies. Hi
ghly Proficient in C/C++, Java/Kotlin, C#,[] 
 []


Overfull \hbox (99.3696pt too wide) in paragraph at lines 9--9
[]\T1/lmtt/m/n/10.95 Up to date knowledge of distributed systems, Akka, Tempora
l, Algorithms, Computational Mathematics,[] 
 []


Overfull \hbox (70.62593pt too wide) in paragraph at lines 9--9
[]\T1/lmtt/m/n/10.95 transaction processing, relational database and network en
gineering. Strong system programming[] 
 []


Overfull \hbox (24.63606pt too wide) in paragraph at lines 9--9
[]\T1/lmtt/m/n/10.95 background, excellent knowledge of mission critical applic
ations, networks, protocols.[] 
 []


Overfull \hbox (30.3848pt too wide) in paragraph at lines 9--9
[]\T1/lmtt/m/n/10.95 ? Operating Systems: UNIX (Linux, HP_UX, AIX, s), Windows 
.NET, Win32, Embedded Systems[] 
 []


Overfull \hbox (53.37973pt too wide) in paragraph at lines 9--9
[]\T1/lmtt/m/n/10.95 ? Methodologies and concepts: Object Oriented analysis and
 design, Client/Server and N-tier[] 
 []


Overfull \hbox (133.862pt too wide) in paragraph at lines 9--9
[]\T1/lmtt/m/n/10.95 ? Real life experience of scaling and optimizing large sys
tems, designing for reliability and scalability[] 
 []


Overfull \hbox (59.12846pt too wide) in paragraph at lines 9--9
[]\T1/lmtt/m/n/10.95 ? Throughout knowledge of C++, STL programming practices a
nd paradigms. Early adopter of new[] 
 []


Overfull \hbox (82.1234pt too wide) in paragraph at lines 9--9
[]\T1/lmtt/m/n/10.95 ? Excellent knowledge of full range of Microsoft technolog
ies, and recent expertise in C# ,.NET,[] 
 []


Overfull \hbox (70.62593pt too wide) in paragraph at lines 9--9
[]  \T1/lmtt/m/n/10.95 ASP.NET platform and SQL server (complete .NET stack), E
xcel RTD Server and Excel Extensions[] 
 []


Overfull \hbox (82.1234pt too wide) in paragraph at lines 9--9
[]\T1/lmtt/m/n/10.95 ? Deep knowledge and experience with: distributed systems,
 Web services, concurrent programming,[] 
 []


Overfull \hbox (47.631pt too wide) in paragraph at lines 9--9
[]\T1/lmtt/m/n/10.95 ? Experience with database theory, database programming, O
RACLE 9i and 10g administration,[] 
 []


Overfull \hbox (64.8772pt too wide) in paragraph at lines 9--9
[]\T1/lmtt/m/n/10.95 ? Implemented Classification, Data analytics, Machine Lear
ning solutions, using NumPY, Tensor[] 
 []


Overfull \hbox (70.62593pt too wide) in paragraph at lines 9--9
[]\T1/lmtt/m/n/10.95 ? Theoretical background: Applied Mathematics, software en
gineering, digital signal processing[] 
 []


Overfull \hbox (122.36453pt too wide) in paragraph at lines 9--9
[]  \T1/lmtt/m/n/10.95 applications, statistical process analysis, network anal
ysis, Working experience in writing technical[] 
 []

[133


]
Overfull \hbox (93.62086pt too wide) in paragraph at lines 9--9
[]  \T1/lmtt/m/n/10.95 design specification, overseeing the development and tes
ting process, and providing a mentorship[] 
 []


Overfull \hbox (93.62086pt too wide) in paragraph at lines 9--9
[]\T1/lmtt/m/n/10.95 ? Knowledge of practical software engineering techniques, 
such as basic waterfall and incremental,[] 
 []


Overfull \hbox (64.8772pt too wide) in paragraph at lines 9--9
[]\T1/lmtt/m/n/10.95 ? Programming and Development tools: Git, Claude, Devin, M
S Visual Studio, .NET, ATL, Various[] 
 []


Overfull \hbox (1.64113pt too wide) in paragraph at lines 9--9
[]\T1/lmtt/m/n/10.95 Amazon Inc, Seattle, WA                                   
               2022-2026[] 
 []


Overfull \hbox (99.3696pt too wide) in paragraph at lines 9--9
[]\T1/lmtt/m/n/10.95 ?   Lead the implementation of the several ML models and l
ibraries, using TarsosDsp, OpenCV, Tensor[] 
 []


Overfull \hbox (7.38986pt too wide) in paragraph at lines 9--9
[]\T1/lmtt/m/n/10.95 ?   Refactoring of the existing application, following the
 Android design patterns.[] 
 []


Overfull \hbox (64.8772pt too wide) in paragraph at lines 9--9
[]\T1/lmtt/m/n/10.95 ?   Design and development of the AWS based service to sup
port continuous monitoring and data[] 
 []


Overfull \hbox (41.88226pt too wide) in paragraph at lines 9--9
[]\T1/lmtt/m/n/10.95 Zelimir Lucic                                             
                ?(206) 384-8528[] 
 []


Overfull \hbox (59.12846pt too wide) in paragraph at lines 9--9
[]\T1/lmtt/m/n/10.95 9810 Mercerwood Drive                                     
         ? zelimir.lucic@gmail.com[] 
 []


Overfull \hbox (7.38986pt too wide) in paragraph at lines 9--9
[]\T1/lmtt/m/n/10.95 Tableau Software, Seattle, WA                             
                2017-2022[] 
 []


Overfull \hbox (76.37466pt too wide) in paragraph at lines 9--9
[]\T1/lmtt/m/n/10.95 ?   Participated in the Implemented of classification netw
ork for error tracking and prediction[] 
 []

[134]
Overfull \hbox (53.37973pt too wide) in paragraph at lines 9--9
[]\T1/lmtt/m/n/10.95 Microsoft Corp., Redmond, WA                              
                        2016-2017[] 
 []


Overfull \hbox (99.3696pt too wide) in paragraph at lines 9--9
[]\T1/lmtt/m/n/10.95 Rocket Gaming System, Las Vegas, NV                       
                                2013-2014[] 
 []


Overfull \hbox (59.12846pt too wide) in paragraph at lines 9--9
[]\T1/lmtt/m/n/10.95 ?   Analyze and define the game characteristics, define an
d implement the mathematical model[] 
 []


Overfull \hbox (64.8772pt too wide) in paragraph at lines 9--9
[]\T1/lmtt/m/n/10.95 ?   Refactoring, Performance and Usability improvements of
 the existing software and software[] 
 []


Overfull \hbox (70.62593pt too wide) in paragraph at lines 9--9
[]\T1/lmtt/m/n/10.95 Bloomberg Inc, New York, NY                               
                           2012-2013[] 
 []


Overfull \hbox (76.37466pt too wide) in paragraph at lines 9--9
[]\T1/lmtt/m/n/10.95 ? Lead the design and implementation of custom Excel funct
ion handling high frequency sell side[] 
 []


Overfull \hbox (47.631pt too wide) in paragraph at lines 9--9
[]   \T1/lmtt/m/n/10.95 trading and data flow. The application consists of C++ 
RTD server, and C#/.NET Excel UI[] 
 []


Overfull \hbox (59.12846pt too wide) in paragraph at lines 9--9
[]\T1/lmtt/m/n/10.95 ? Designed and implemented the data flow, algorithms and E
xcel UI for the Bloomberg specific[] 
 []


Overfull \hbox (30.3848pt too wide) in paragraph at lines 9--9
[]\T1/lmtt/m/n/10.95 ? Worked with other teams to implement end to end, high fr
equency trading and data flow[] 
 []


Overfull \hbox (133.862pt too wide) in paragraph at lines 9--9
[]   \T1/lmtt/m/n/10.95 applications. The applications are the real time Excel 
extensions, passing large data sets to customer[] 
 []


Overfull \hbox (87.87213pt too wide) in paragraph at lines 9--9
[]\T1/lmtt/m/n/10.95 Translattice, Santa Clara. CA                             
                            2010 - 2011[] 
 []


Overfull \hbox (82.1234pt too wide) in paragraph at lines 9--9
[]\T1/lmtt/m/n/10.95 ? Implementation of the Paxos algorithm for distributed DB
 operation on Postgres DB engine in C.[] 
 []


Overfull \hbox (105.11833pt too wide) in paragraph at lines 9--9
[]\T1/lmtt/m/n/10.95 ? Design and Implementation of distributed transactions, d
istributed table sharding for the Postgres[] 
 []


Overfull \hbox (47.631pt too wide) in paragraph at lines 9--9
[]\T1/lmtt/m/n/10.95 Zelimir Lucic                                             
                 ?(206) 384-8528[] 
 []


Overfull \hbox (64.8772pt too wide) in paragraph at lines 9--9
[]\T1/lmtt/m/n/10.95 9810 Mercerwood Drive                                     
          ? zelimir.lucic@gmail.com[] 
 []

[135]
Overfull \hbox (76.37466pt too wide) in paragraph at lines 9--9
[]\T1/lmtt/m/n/10.95 ?   Design and Implementation of the underlying multithrea
ded and multi process communication /[] 
 []


Overfull \hbox (105.11833pt too wide) in paragraph at lines 9--9
[]\T1/lmtt/m/n/10.95 ?   Performance improvements, refactoring existing code, U
sing C for the database engine and C++ for[] 
 []


Overfull \hbox (116.6158pt too wide) in paragraph at lines 9--9
[]\T1/lmtt/m/n/10.95 MySpace.com, Seattle, WA                                  
                                 2007 - 2010[] 
 []


Overfull \hbox (41.88226pt too wide) in paragraph at lines 9--9
[]\T1/lmtt/m/n/10.95 ? Lead the design and implementation of MySpace Messaging 
system, which included internal[] 
 []


Overfull \hbox (82.1234pt too wide) in paragraph at lines 9--9
[]   \T1/lmtt/m/n/10.95 messaging and email server and client. The project inte
grated new messaging, email, comments,[] 
 []


Overfull \hbox (53.37973pt too wide) in paragraph at lines 9--9
[]   \T1/lmtt/m/n/10.95 WebIm into the existing MySpace framework. Project was 
based on .NET platform, using C#,[] 
 []


Overfull \hbox (24.63606pt too wide) in paragraph at lines 9--9
[]\T1/lmtt/m/n/10.95 ? Designed and developed message passing system supporting
 transaction like operation.[] 
 []


Overfull \hbox (76.37466pt too wide) in paragraph at lines 9--9
[]\T1/lmtt/m/n/10.95 ? Developed Rest based services, using full .NET stack, fr
om SQL Server as a back end DB to the[] 
 []


Overfull \hbox (139.61073pt too wide) in paragraph at lines 9--9
[]\T1/lmtt/m/n/10.95 ? Significantly refactored and the existing design, to pro
vide the transition path to the new architecture[] 
 []


Overfull \hbox (82.1234pt too wide) in paragraph at lines 9--9
[]\T1/lmtt/m/n/10.95 ? Engineered and implemented the Web Service interoperabil
ity solutions between MySpace back end[] 
 []


Overfull \hbox (64.8772pt too wide) in paragraph at lines 9--9
[]\T1/lmtt/m/n/10.95 ? Providing the design for the transition to multi level a
pplication, highly scalable system.[] 
 []


Overfull \hbox (110.86707pt too wide) in paragraph at lines 9--9
[]\T1/lmtt/m/n/10.95 Amazon.com. Seattle, WA                                   
                                2004 - 2007[] 
 []


Overfull \hbox (64.8772pt too wide) in paragraph at lines 9--9
[]\T1/lmtt/m/n/10.95 ? Leading the design of the next generation high performan
ce, distributed software deployment[] 
 []


Overfull \hbox (122.36453pt too wide) in paragraph at lines 9--9
[]\T1/lmtt/m/n/10.95 ? Designed and developed (as a lead in the team) distribut
ed and multithread set of C++ applications to[] 
 []


Overfull \hbox (99.3696pt too wide) in paragraph at lines 9--9
[]   \T1/lmtt/m/n/10.95 effectively manage, update and monitor over 30,000+ hos
ts. The whole system consisted of several[] 
 []


Overfull \hbox (116.6158pt too wide) in paragraph at lines 9--9
[]   \T1/lmtt/m/n/10.95 server side applications, each on separate server farm,
 set of client apps and daemons, persistence[] 
 []


Overfull \hbox (87.87213pt too wide) in paragraph at lines 9--9
[]   \T1/lmtt/m/n/10.95 subsystem (Database) and a data streaming subsystem. Th
e amount of data stored was second only[] 
 []


Overfull \hbox (99.3696pt too wide) in paragraph at lines 9--9
[]\T1/lmtt/m/n/10.95 ? Used several C++ libraries, multithread, multiprocessing
 methodologies and applications Justified[] 
 []


Overfull \hbox (76.37466pt too wide) in paragraph at lines 9--9
[]   \T1/lmtt/m/n/10.95 and implemented specific solutions, related to scaling,
 performance improvement, operational[] 
 []


Overfull \hbox (82.1234pt too wide) in paragraph at lines 9--9
[]\T1/lmtt/m/n/10.95 ? Developed and programmed on the application server stack
, from database (Oracle 9i and 10g) to[] 
 []


Overfull \hbox (82.1234pt too wide) in paragraph at lines 9--9
[]\T1/lmtt/m/n/10.95 ? Improved, refactored, and significantly increased functi
onality of the existing application by[] 
 []

[136]
Overfull \hbox (87.87213pt too wide) in paragraph at lines 9--9
[]\T1/lmtt/m/n/10.95 PACKETEER Inc., Kelowna, BC                               
                            2002 - 2004[] 
 []


Overfull \hbox (7.38986pt too wide) in paragraph at lines 9--9
[]\T1/lmtt/m/n/10.95 ? Implementation of compression algorithms for IP, TCP and
 HTTP based traffic in C.[] 
 []


Overfull \hbox (64.8772pt too wide) in paragraph at lines 9--9
[]\T1/lmtt/m/n/10.95 ? Member of the design and team for of the next generation
 TCP traffic-processing server. The[] 
 []


Overfull \hbox (13.1386pt too wide) in paragraph at lines 9--9
[]    \T1/lmtt/m/n/10.95 application was developed in C for kernel drivers and 
C++ for the higher layers.[] 
 []


Overfull \hbox (99.3696pt too wide) in paragraph at lines 9--9
[]\T1/lmtt/m/n/10.95 ? Implementation of algorithm for traffic classification, 
supporting XML and SOAP protocols in C++.[] 
 []


Overfull \hbox (13.1386pt too wide) in paragraph at lines 9--9
[]\T1/lmtt/m/n/10.95 9810 Mercerwood Drive                                     
 ? zelimir.lucic@gmail.com[] 
 []

[137]) [138] (./dissertation.aux (./introduction.aux) (./chapter0.aux)
(./chapter0-1.aux) (./chapter1.aux) (./chapter2.aux) (./chapter3.aux)
(./chapter5.aux) (./conclusion.aux) (./appendixA.aux) (./appendixB.aux)
(./appendixC.aux) (./appendixD.aux) (./appendixE.aux) (./cv.aux))
 ***********
LaTeX2e <2023-11-01> patch level 1
L3 programming layer <2024-02-20>
 ***********
Package logreq Info: Writing requests to 'dissertation.run.xml'.
\openout1 = `dissertation.run.xml'.

 ) 
Here is how much of TeX's memory you used:
 27678 strings out of 474116
 515369 string characters out of 5743681
 2009187 words of memory out of 5000000
 49032 multiletter control sequences out of 15000+600000
 668899 words of font info for 114 fonts, out of 8000000 for 9000
 1141 hyphenation exceptions out of 8191
 82i,17n,93p,1914b,1491s stack positions out of 10000i,1000n,20000p,200000b,200000s
</usr/local/texlive/2024/texmf-dist/fonts/type1/public/lm/lmbx12.pfb></usr/lo
cal/texlive/2024/texmf-dist/fonts/type1/public/lm/lmbx8.pfb></usr/local/texlive
/2024/texmf-dist/fonts/type1/public/lm/lmcsc10.pfb></usr/local/texlive/2024/tex
mf-dist/fonts/type1/public/lm/lmex10.pfb></usr/local/texlive/2024/texmf-dist/fo
nts/type1/public/lm/lmmi12.pfb></usr/local/texlive/2024/texmf-dist/fonts/type1/
public/lm/lmmi6.pfb></usr/local/texlive/2024/texmf-dist/fonts/type1/public/lm/l
mmi8.pfb></usr/local/texlive/2024/texmf-dist/fonts/type1/public/lm/lmr10.pfb></
usr/local/texlive/2024/texmf-dist/fonts/type1/public/lm/lmr12.pfb></usr/local/t
exlive/2024/texmf-dist/fonts/type1/public/lm/lmr17.pfb></usr/local/texlive/2024
/texmf-dist/fonts/type1/public/lm/lmr6.pfb></usr/local/texlive/2024/texmf-dist/
fonts/type1/public/lm/lmr7.pfb></usr/local/texlive/2024/texmf-dist/fonts/type1/
public/lm/lmr8.pfb></usr/local/texlive/2024/texmf-dist/fonts/type1/public/lm/lm
ri12.pfb></usr/local/texlive/2024/texmf-dist/fonts/type1/public/lm/lmsy10.pfb><
/usr/local/texlive/2024/texmf-dist/fonts/type1/public/lm/lmsy6.pfb></usr/local/
texlive/2024/texmf-dist/fonts/type1/public/lm/lmsy8.pfb></usr/local/texlive/202
4/texmf-dist/fonts/type1/public/lm/lmtt10.pfb></usr/local/texlive/2024/texmf-di
st/fonts/type1/public/lm/lmtt12.pfb></usr/local/texlive/2024/texmf-dist/fonts/t
ype1/public/amsfonts/symbols/msbm10.pfb></usr/local/texlive/2024/texmf-dist/fon
ts/type1/public/amsfonts/symbols/msbm7.pfb></usr/local/texlive/2024/texmf-dist/
fonts/type1/urw/helvetic/uhvb8a.pfb></usr/local/texlive/2024/texmf-dist/fonts/t
ype1/urw/helvetic/uhvr8a.pfb>
Output written on dissertation.pdf (148 pages, 11900058 bytes).
PDF statistics:
 2091 PDF objects out of 2487 (max. 8388607)
 1778 compressed objects within 18 object streams
 492 named destinations out of 1000 (max. 500000)
 404 words of extra memory for PDF output out of 10000 (max. 10000000)

